policy,sigma,episode,reset_seed,reward,steps,success,max_force,mean_force,violation_rate,pre_frac,contact_frac,manip_frac,manip_entered,near_object_frac,safe_contact_ratio,safe_contact_per_near,contact_avoidance_index,grasp_detected_frac,lift_active_frac,close_active_frac,min_dist
SACV_2M,0.0,0,0,2175.5864136375258,500,1.0,21.019423769627064,5.9555048720164185,0.192,0.01,0.024,0.942,1.0,0.976,0.25,0.006147540983606557,0.9938524590163934,0.0,0.0,0.0,0.006660555162733291
SACV_2M,0.0,1,1,2106.2434584979624,500,1.0,48.81646252365292,5.411295744567992,0.002,0.01,0.022,0.946,1.0,0.978,0.6363636363636364,0.014314928425357873,0.9856850715746421,0.0,0.0,0.0,0.009926454789669076
SACV_2M,0.0,2,2,2167.8692189995268,500,1.0,23.9915729301895,5.330962362496646,0.002,0.008,0.026,0.95,1.0,0.984,0.23076923076923078,0.006097560975609756,0.9939024390243902,0.0,0.0,0.0,0.009692061500313664
SACV_2M,0.0,3,3,2132.391084448323,500,1.0,30.685587448368654,5.639921817327851,0.0,0.006,0.022,0.956,1.0,0.984,0.2727272727272727,0.006097560975609756,0.9939024390243902,0.0,0.0,0.0,0.004143082993867609
SACV_2M,0.0,4,4,1151.1765393239973,500,0.0,66.13524187651863,7.072613785236064,0.02,0.078,0.046,0.516,1.0,0.64,0.17391304347826086,0.0125,0.9875,0.0,0.0,0.0,0.01429175250359179
SACV_2M,0.0,5,5,2150.766962751487,500,1.0,28.13115493833589,5.509743328129462,0.002,0.008,0.024,0.956,1.0,0.988,0.5,0.012145748987854251,0.9878542510121457,0.0,0.0,0.0,0.003465281163149559
SACV_2M,0.0,6,6,2111.5162880292046,500,1.0,40.72078196595528,5.631285918532518,0.004,0.01,0.028,0.944,1.0,0.982,0.14285714285714285,0.004073319755600814,0.9959266802443992,0.0,0.0,0.0,0.006868580704917054
SACV_2M,0.0,7,7,2126.211666248939,500,1.0,59.98237080817288,5.628100431465336,0.014,0.012,0.022,0.952,1.0,0.986,0.18181818181818182,0.004056795131845842,0.9959432048681541,0.0,0.0,0.0,0.002918117303206726
SACV_2M,0.0,8,8,248.93895993527508,500,0.0,72.20223675378153,3.9664347197507266,0.042,0.104,0.126,0.116,1.0,0.346,0.30158730158730157,0.10982658959537572,0.8901734104046243,0.0,0.0,0.0,0.01602490472417071
SACV_2M,0.0,9,9,37.089632505027346,500,0.0,71.88422433980797,1.5649548265334234,0.086,0.068,0.054,0.024,0.0,0.146,0.07407407407407407,0.0273972602739726,0.9726027397260274,0.0,0.0,0.0,0.018731765269630656
SACV_2M,0.0,10,10,2156.2960164030783,500,1.0,46.77669707802647,8.78710564184191,0.0,0.01,0.026,0.944,1.0,0.98,0.46153846153846156,0.012244897959183673,0.9877551020408163,0.0,0.0,0.0,0.014010096455294207
SACV_2M,0.0,11,11,2151.431790674446,500,1.0,57.27050663000626,6.8134014677892605,0.004,0.016,0.018,0.954,1.0,0.988,0.3333333333333333,0.006072874493927126,0.9939271255060729,0.0,0.0,0.0,0.0025414389680234457
SACV_2M,0.0,12,12,2199.8188356746828,500,1.0,39.73949117049187,5.750207824046247,0.182,0.006,0.022,0.954,1.0,0.982,0.09090909090909091,0.002036659877800407,0.9979633401221996,0.0,0.0,0.0,0.001136075485227608
SACV_2M,0.0,13,13,2138.0120392474228,500,1.0,58.13011703293499,5.806879215302564,0.002,0.006,0.026,0.952,1.0,0.984,0.3076923076923077,0.008130081300813009,0.991869918699187,0.0,0.0,0.0,0.004446385819396681
SACV_2M,0.0,14,14,2206.901985233273,500,1.0,37.977904116691406,5.13928333008927,0.144,0.006,0.022,0.958,1.0,0.986,0.09090909090909091,0.002028397565922921,0.9979716024340771,0.0,0.0,0.0,0.00681444102666126
SACV_2M,0.0,15,15,2120.0367070454045,500,1.0,63.51434008149491,7.6340911363774895,0.004,0.014,0.022,0.948,1.0,0.984,0.45454545454545453,0.01016260162601626,0.9898373983739838,0.0,0.0,0.0,0.0038823875801149944
SACV_2M,0.0,16,16,2146.7983367356915,500,1.0,56.16989324348891,5.667761172420612,0.002,0.006,0.024,0.956,1.0,0.986,0.16666666666666666,0.004056795131845842,0.9959432048681541,0.0,0.0,0.0,0.0027024368253307867
SACV_2M,0.0,17,17,2156.8327768236195,500,1.0,36.5028887899858,8.013653915311602,0.0,0.006,0.022,0.956,1.0,0.984,0.5454545454545454,0.012195121951219513,0.9878048780487805,0.0,0.0,0.0,0.01186806904054358
SACV_2M,0.0,18,18,2144.2793348251466,500,1.0,30.182224506009224,5.083061633997603,0.006,0.008,0.028,0.952,1.0,0.988,0.5,0.01417004048582996,0.9858299595141701,0.0,0.0,0.0,0.008878074923675127
SACV_2M,0.0,19,19,2127.412963392265,500,1.0,30.971520106967855,6.500452441165923,0.0,0.008,0.026,0.952,1.0,0.986,0.6153846153846154,0.016227180527383367,0.9837728194726166,0.0,0.0,0.0,0.0019405560089586931
SACV_2M,0.0,20,20,34.59738805524194,500,0.0,92.10099585568902,3.7179277687068746,0.046,0.116,0.188,0.0,0.0,0.304,0.574468085106383,0.35526315789473684,0.6447368421052632,0.0,0.0,0.0,0.0359769784669582
SACV_2M,0.0,21,21,2105.250850087893,500,1.0,56.167449424943904,5.32412425388593,0.004,0.01,0.032,0.942,1.0,0.984,0.3125,0.01016260162601626,0.9898373983739838,0.0,0.0,0.0,0.009923476959745324
SACV_2M,0.0,22,22,420.3012653763481,500,0.0,67.31331847434755,3.478249023333354,0.148,0.11,0.122,0.174,1.0,0.406,0.39344262295081966,0.11822660098522167,0.8817733990147784,0.0,0.0,0.0,0.01252122219411848
SACV_2M,0.0,23,23,134.9168020951981,500,0.0,66.20166929283936,3.8187701789403214,0.03,0.01,0.106,0.064,1.0,0.18,0.5660377358490566,0.3333333333333333,0.6666666666666667,0.0,0.0,0.0,0.01926633932208542
SACV_2M,0.0,24,24,1888.1232017709522,500,0.0,34.98126976573347,5.437505370286252,0.034,0.006,0.016,0.796,1.0,0.818,0.25,0.004889975550122249,0.9951100244498777,0.0,0.0,0.0,0.019503486592356678
SACV_2M,0.0,25,25,2134.6982593468715,500,1.0,32.0516723967809,5.663048608413617,0.0,0.008,0.018,0.96,1.0,0.986,0.2222222222222222,0.004056795131845842,0.9959432048681541,0.0,0.0,0.0,0.005265289130281538
SACV_2M,0.0,26,26,2083.509474328034,500,1.0,21.257683627077995,4.769444733701475,0.006,0.014,0.032,0.934,1.0,0.98,0.375,0.012244897959183673,0.9877551020408163,0.0,0.0,0.0,0.009764074910321208
SACV_2M,0.0,27,27,2121.809690187147,500,1.0,39.395166634951,6.13236391912209,0.0,0.006,0.024,0.952,1.0,0.982,0.3333333333333333,0.008146639511201629,0.9918533604887984,0.0,0.0,0.0,0.0039748917887072474
SACV_2M,0.0,28,28,2142.3260304083415,500,1.0,24.6978462182578,5.310242304617324,0.0,0.008,0.022,0.954,1.0,0.984,0.18181818181818182,0.0040650406504065045,0.9959349593495935,0.0,0.0,0.0,0.002817451334161286
SACV_2M,0.0,29,29,2145.1592151625528,500,1.0,40.912200193013824,5.891788170196641,0.0,0.008,0.022,0.954,1.0,0.984,0.09090909090909091,0.0020325203252032522,0.9979674796747967,0.0,0.0,0.0,0.00464530176964056
M4_1_baseline,0.0,0,0,49.15212462202352,500,0.0,0.0,0.0,0.01,0.948,0.0,0.0,0.0,0.948,0.0,0.0,1.0,0.0,0.0,0.0,0.09363415979729647
M4_1_baseline,0.0,1,1,2070.255842709911,500,1.0,36.53465963357846,5.635654246763096,0.004,0.008,0.038,0.928,1.0,0.974,0.3157894736842105,0.012320328542094456,0.9876796714579056,0.0,0.0,0.0,0.0027721235733500368
M4_1_baseline,0.0,2,2,2139.6220681296772,500,1.0,38.64833496423225,8.320407432799248,0.128,0.008,0.02,0.948,1.0,0.976,0.1,0.0020491803278688526,0.9979508196721312,0.0,0.0,0.0,0.007779206652296592
M4_1_baseline,0.0,3,3,652.8538839737064,500,0.0,43.28347365966491,2.5805030687369723,0.04,0.078,0.026,0.29,1.0,0.394,0.07692307692307693,0.005076142131979695,0.9949238578680203,0.0,0.0,0.0,0.010791154217712247
M4_1_baseline,0.0,4,4,2003.3863175337822,500,1.0,44.50344842681976,6.149913256347872,0.0,0.008,0.032,0.898,1.0,0.938,0.4375,0.014925373134328358,0.9850746268656716,0.0,0.0,0.0,0.006487015455932015
M4_1_baseline,0.0,5,5,2127.550207182914,500,1.0,27.32324917737973,5.501340023633497,0.002,0.01,0.03,0.938,1.0,0.978,0.2,0.006134969325153374,0.9938650306748467,0.0,0.0,0.0,0.006490359802529492
M4_1_baseline,0.0,6,6,2019.7288887696704,500,1.0,45.954976358020424,8.838309241463355,0.008,0.026,0.03,0.904,1.0,0.96,0.6,0.01875,0.98125,0.0,0.0,0.0,0.014413187964884581
M4_1_baseline,0.0,7,7,5.880130888282785,500,0.0,111.95003124829792,0.6592228755912649,0.036,0.016,0.028,0.0,0.0,0.044,0.21428571428571427,0.13636363636363635,0.8636363636363636,0.0,0.0,0.0,0.015230898229204776
M4_1_baseline,0.0,8,8,2105.636475382421,500,1.0,60.37370552236396,5.938673128604668,0.002,0.008,0.028,0.94,1.0,0.976,0.21428571428571427,0.006147540983606557,0.9938524590163934,0.0,0.0,0.0,0.00430464017853483
M4_1_baseline,0.0,9,9,2113.006202306187,500,1.0,63.14691589166826,5.448079774962072,0.004,0.008,0.034,0.936,1.0,0.978,0.4117647058823529,0.014314928425357873,0.9856850715746421,0.0,0.0,0.0,0.006275745764150054
M4_1_baseline,0.0,10,10,2082.2109814799655,500,1.0,37.856171339073775,8.239287278280262,0.146,0.008,0.026,0.916,1.0,0.95,0.3076923076923077,0.008421052631578947,0.991578947368421,0.0,0.0,0.0,0.004221463865780556
M4_1_baseline,0.0,11,11,51.46550690684612,500,0.0,90.66415968079937,5.148697494315371,0.1,0.112,0.16,0.018,0.0,0.29,0.35,0.19310344827586207,0.806896551724138,0.0,0.0,0.0,0.02018928830228589
M4_1_baseline,0.0,12,12,939.4207822317222,500,0.0,32.17611889792411,3.982322436795306,0.068,0.164,0.134,0.402,1.0,0.7,0.07462686567164178,0.014285714285714285,0.9857142857142858,0.0,0.0,0.0,0.0033511339790756644
M4_1_baseline,0.0,13,13,2126.5857243613527,500,1.0,34.509386495158545,5.893136344871007,0.002,0.008,0.024,0.94,1.0,0.972,0.5,0.012345679012345678,0.9876543209876543,0.0,0.0,0.0,0.002964291391150381
M4_1_baseline,0.0,14,14,751.8917780998348,500,0.0,37.509986577239864,3.162656197766795,0.026,0.008,0.02,0.334,1.0,0.362,0.4,0.022099447513812154,0.9779005524861879,0.0,0.0,0.0,0.01852294643669143
M4_1_baseline,0.0,15,15,45.421772711247975,500,0.0,59.65882687851974,1.8986501320868912,0.002,0.026,0.102,0.01,0.0,0.138,0.47058823529411764,0.34782608695652173,0.6521739130434783,0.0,0.0,0.0,0.02032991614774323
M4_1_baseline,0.0,16,16,2104.891601455656,500,1.0,27.44442599750537,5.435061101427102,0.002,0.008,0.03,0.942,1.0,0.98,0.4,0.012244897959183673,0.9877551020408163,0.0,0.0,0.0,0.009694684449994327
M4_1_baseline,0.0,17,17,2143.999640142368,500,1.0,23.609467081962016,7.619024068805892,0.002,0.006,0.024,0.948,1.0,0.978,0.3333333333333333,0.0081799591002045,0.9918200408997955,0.0,0.0,0.0,0.014550316211720864
M4_1_baseline,0.0,18,18,2125.0715357499016,500,1.0,23.890986653410877,5.557254171759117,0.002,0.008,0.034,0.94,1.0,0.982,0.5882352941176471,0.020366598778004074,0.9796334012219959,0.0,0.0,0.0,0.012197698438823054
M4_1_baseline,0.0,19,19,2145.8323327932944,500,1.0,32.714880313767765,8.138761825084712,0.114,0.006,0.036,0.934,1.0,0.976,0.5555555555555556,0.020491803278688523,0.9795081967213115,0.0,0.0,0.0,0.0015971034168542465
M4_1_baseline,0.0,20,20,31.12492060482096,500,0.0,0.0,0.0,0.008,0.026,0.0,0.0,0.0,0.026,0.0,0.0,1.0,0.0,0.0,0.0,0.11338395204861305
M4_1_baseline,0.0,21,21,31.97750937331449,500,0.0,0.0,0.0,0.01,0.342,0.02,0.0,0.0,0.362,0.0,0.0,1.0,0.0,0.0,0.0,0.041984777028651867
M4_1_baseline,0.0,22,22,6.716351752905507,500,0.0,0.0,0.0,0.006,0.0,0.0,0.0,0.0,0.0,0.0,0.0,1.0,0.0,0.0,0.0,0.15090006545688203
M4_1_baseline,0.0,23,23,48.64073070289554,500,0.0,0.0,0.0,0.01,0.946,0.0,0.0,0.0,0.946,0.0,0.0,1.0,0.0,0.0,0.0,0.08878121500980538
M4_1_baseline,0.0,24,24,2113.877765048255,500,1.0,35.62266615287473,4.930419640468381,0.016,0.006,0.022,0.914,1.0,0.942,0.18181818181818182,0.004246284501061571,0.9957537154989384,0.0,0.0,0.0,0.010281307474536348
M4_1_baseline,0.0,25,25,2110.184575270176,500,1.0,77.47405261130487,5.619247689477327,0.004,0.01,0.022,0.944,1.0,0.976,0.09090909090909091,0.0020491803278688526,0.9979508196721312,0.0,0.0,0.0,0.010305462032257857
M4_1_baseline,0.0,26,26,1995.5135240955601,500,1.0,54.517600167926446,8.002501396636347,0.018,0.01,0.036,0.89,1.0,0.936,0.1111111111111111,0.004273504273504274,0.9957264957264957,0.0,0.0,0.0,0.012676287941948193
M4_1_baseline,0.0,27,27,2152.6817343159933,500,1.0,39.22007723061326,6.230597763191278,0.002,0.006,0.022,0.946,1.0,0.974,0.09090909090909091,0.002053388090349076,0.997946611909651,0.0,0.0,0.0,0.012992794628648607
M4_1_baseline,0.0,28,28,780.2546883714547,500,0.0,49.43073076424271,3.8088138155326963,0.066,0.016,0.028,0.346,1.0,0.39,0.5,0.035897435897435895,0.9641025641025641,0.0,0.0,0.0,0.010726013404028832
M4_1_baseline,0.0,29,29,2133.330551926286,500,1.0,22.86893639744394,5.834516499991928,0.002,0.008,0.024,0.936,1.0,0.968,0.16666666666666666,0.004132231404958678,0.9958677685950413,0.0,0.0,0.0,0.01497090716434642
M4_1_repl0,0.0,0,0,154.55161406817126,500,0.0,71.1754605645454,3.896023881252239,0.0,0.016,0.958,0.0,0.0,0.974,0.10647181628392484,0.10472279260780287,0.8952772073921971,0.0,0.0,0.0,0.015172153871370254
M4_1_repl0,0.0,1,1,2035.0050089880128,500,1.0,51.258313389521284,5.647228693567215,0.0,0.012,0.04,0.912,1.0,0.964,0.55,0.022821576763485476,0.9771784232365145,0.0,0.0,0.0,0.010866433688275183
M4_1_repl0,0.0,2,2,2084.1632400351914,500,1.0,32.368468064559075,7.16431739687037,0.002,0.006,0.04,0.932,1.0,0.978,0.35,0.014314928425357873,0.9856850715746421,0.0,0.0,0.0,0.007882045564059656
M4_1_repl0,0.0,3,3,2076.5590037227184,500,1.0,45.95663766064748,5.533277381627123,0.0,0.01,0.038,0.928,1.0,0.976,0.3157894736842105,0.012295081967213115,0.9877049180327869,0.0,0.0,0.0,0.008181221965634295
M4_1_repl0,0.0,4,4,2082.016697648253,500,1.0,102.20202701514573,6.199768043364273,0.008,0.008,0.024,0.934,1.0,0.966,0.25,0.006211180124223602,0.9937888198757764,0.0,0.0,0.0,0.005053709557951704
M4_1_repl0,0.0,5,5,2152.5193639938816,500,1.0,55.81365822685421,6.706183658063711,0.002,0.008,0.03,0.95,1.0,0.988,0.4666666666666667,0.01417004048582996,0.9858299595141701,0.0,0.0,0.0,0.0016125905629139937
M4_1_repl0,0.0,6,6,0.7583104123430803,500,0.0,0.0,0.0,0.002,0.0,0.0,0.0,0.0,0.0,0.0,0.0,1.0,0.0,0.0,0.0,0.20957236946832036
M4_1_repl0,0.0,7,7,2099.56127581993,500,1.0,75.0866905568435,5.62286118436984,0.002,0.008,0.024,0.944,1.0,0.976,0.25,0.006147540983606557,0.9938524590163934,0.0,0.0,0.0,0.005915095034753678
M4_1_repl0,0.0,8,8,877.2747540066246,500,0.0,57.46795169916308,5.208821031072176,0.006,0.022,0.05,0.404,1.0,0.476,0.52,0.0546218487394958,0.9453781512605042,0.0,0.0,0.0,0.019550569246880055
M4_1_repl0,0.0,9,9,2053.8806881855844,500,1.0,50.27924887264871,5.7985598566674526,0.002,0.014,0.032,0.924,1.0,0.97,0.5,0.016494845360824743,0.9835051546391752,0.0,0.0,0.0,0.008812633353574762
M4_1_repl0,0.0,10,10,2087.4795334835185,500,1.0,20.829426252731743,6.018837307052672,0.006,0.006,0.034,0.932,1.0,0.972,0.29411764705882354,0.0102880658436214,0.9897119341563786,0.0,0.0,0.0,0.0022431549079622933
M4_1_repl0,0.0,11,11,2104.9359550517484,500,1.0,65.8258804461568,5.667103818987687,0.002,0.01,0.024,0.944,1.0,0.978,0.16666666666666666,0.00408997955010225,0.9959100204498977,0.0,0.0,0.0,0.0028351280953814754
M4_1_repl0,0.0,12,12,2119.2038664816514,500,1.0,20.68114168784309,5.732740529886328,0.0,0.006,0.018,0.95,1.0,0.974,0.2222222222222222,0.004106776180698152,0.9958932238193019,0.0,0.0,0.0,0.009513363162604671
M4_1_repl0,0.0,13,13,498.78557150429407,500,0.0,71.6554236575741,3.3533973112288558,0.106,0.024,0.026,0.226,1.0,0.276,0.3076923076923077,0.028985507246376812,0.9710144927536232,0.0,0.0,0.0,0.007152834834992972
M4_1_repl0,0.0,14,14,2168.0480619734,500,1.0,37.06618999592481,7.480069941933249,0.038,0.006,0.018,0.96,1.0,0.984,0.3333333333333333,0.006097560975609756,0.9939024390243902,0.0,0.0,0.0,0.008595521769897292
M4_1_repl0,0.0,15,15,2089.0573612587705,500,1.0,49.11139163181571,5.70805269453086,0.004,0.01,0.024,0.938,1.0,0.972,0.3333333333333333,0.00823045267489712,0.9917695473251029,0.0,0.0,0.0,0.0033595644706793395
M4_1_repl0,0.0,16,16,2119.8083233806474,500,1.0,34.238913235837344,4.9930753225860744,0.0,0.006,0.034,0.946,1.0,0.986,0.47058823529411764,0.016227180527383367,0.9837728194726166,0.0,0.0,0.0,0.010516476937496017
M4_1_repl0,0.0,17,17,2150.669501177109,500,1.0,52.19812891725985,7.21037591439815,0.026,0.006,0.028,0.948,1.0,0.982,0.14285714285714285,0.004073319755600814,0.9959266802443992,0.0,0.0,0.0,0.010452700365376615
M4_1_repl0,0.0,18,18,1869.703018201861,500,0.0,49.965552829716074,5.915784275789498,0.122,0.008,0.032,0.81,1.0,0.85,0.375,0.01411764705882353,0.9858823529411764,0.0,0.0,0.0,0.0060086832101868375
M4_1_repl0,0.0,19,19,2101.553853072347,500,1.0,35.518606122499875,10.022507402186651,0.038,0.008,0.03,0.942,1.0,0.98,0.4,0.012244897959183673,0.9877551020408163,0.0,0.0,0.0,0.009594547191235276
M4_1_repl0,0.0,20,20,649.9377833956578,500,0.0,87.42127721932538,5.9633164389590325,0.08,0.006,0.016,0.326,1.0,0.348,0.125,0.005747126436781609,0.9942528735632183,0.0,0.0,0.0,0.007665224122832339
M4_1_repl0,0.0,21,21,1.4614991823003467,500,0.0,0.0,0.0,0.002,0.0,0.0,0.0,0.0,0.0,0.0,0.0,1.0,0.0,0.0,0.0,0.23306834633090143
M4_1_repl0,0.0,22,22,30.1615881253039,500,0.0,91.60509253996493,2.120331248800828,0.004,0.12,0.156,0.0,0.0,0.276,0.15384615384615385,0.08695652173913043,0.9130434782608696,0.0,0.0,0.0,0.015835975851401514
M4_1_repl0,0.0,23,23,746.992260720179,500,0.0,34.64233730696066,6.095910586887192,0.076,0.006,0.022,0.352,1.0,0.38,0.5454545454545454,0.031578947368421054,0.968421052631579,0.0,0.0,0.0,0.010164315728192914
M4_1_repl0,0.0,24,24,2113.1703980675607,500,1.0,42.496251805367756,5.44748966603241,0.0,0.006,0.024,0.944,1.0,0.974,0.25,0.006160164271047228,0.9938398357289527,0.0,0.0,0.0,0.013799064068469495
M4_1_repl0,0.0,25,25,2076.9364245426823,500,1.0,42.67875284493361,5.958043095453152,0.002,0.01,0.03,0.938,1.0,0.978,0.26666666666666666,0.0081799591002045,0.9918200408997955,0.0,0.0,0.0,0.011090690730544927
M4_1_repl0,0.0,26,26,2083.872051824249,500,1.0,53.38161210762748,8.196313434943693,0.002,0.01,0.028,0.934,1.0,0.972,0.42857142857142855,0.012345679012345678,0.9876543209876543,0.0,0.0,0.0,0.011536739963775735
M4_1_repl0,0.0,27,27,2107.879179448002,500,1.0,25.340720732823446,4.9888966522633815,0.0,0.006,0.03,0.94,1.0,0.976,0.2,0.006147540983606557,0.9938524590163934,0.0,0.0,0.0,0.007190827836984131
M4_1_repl0,0.0,28,28,2167.2248201649586,500,1.0,32.2410700786377,5.563692537291544,0.024,0.006,0.028,0.946,1.0,0.98,0.14285714285714285,0.004081632653061225,0.9959183673469387,0.0,0.0,0.0,0.003032478933396393
M4_1_repl0,0.0,29,29,2145.1748479344824,500,1.0,19.819463615441556,5.631889448853097,0.036,0.008,0.028,0.942,1.0,0.978,0.14285714285714285,0.00408997955010225,0.9959100204498977,0.0,0.0,0.0,0.00411848921901091
SACV_2M,0.01,0,0,2173.3183265711864,500,1.0,35.43609681041183,5.833803954366091,0.17,0.008,0.026,0.94,1.0,0.974,0.15384615384615385,0.004106776180698152,0.9958932238193019,0.0,0.0,0.0,0.007017522094427573
SACV_2M,0.01,1,1,98.61911278897159,500,0.0,80.95046524258969,8.251447321143244,0.066,0.05,0.568,0.022,0.0,0.64,0.20774647887323944,0.184375,0.815625,0.0,0.0,0.0,0.028767476283777963
SACV_2M,0.01,2,2,2189.0405581035675,500,1.0,34.71551693893625,5.932243760248992,0.0,0.008,0.02,0.956,1.0,0.984,0.3,0.006097560975609756,0.9939024390243902,0.0,0.0,0.0,0.012123589232299798
SACV_2M,0.01,3,3,2132.7814363612965,500,1.0,24.61396266673897,5.861710776125024,0.0,0.008,0.024,0.952,1.0,0.984,0.5,0.012195121951219513,0.9878048780487805,0.0,0.0,0.0,0.008430691229485972
SACV_2M,0.01,4,4,2102.819516871171,500,1.0,72.32454304166664,5.326022593738241,0.0,0.01,0.03,0.94,1.0,0.98,0.3333333333333333,0.01020408163265306,0.9897959183673469,0.0,0.0,0.0,0.0075840597679744486
SACV_2M,0.01,5,5,2154.4129853720233,500,1.0,32.59390851621318,6.664212465987224,0.002,0.008,0.024,0.956,1.0,0.988,0.4166666666666667,0.010121457489878543,0.9898785425101214,0.0,0.0,0.0,0.003321311603176379
SACV_2M,0.01,6,6,2054.424278737263,500,1.0,88.07667721606099,9.181017353584712,0.008,0.01,0.026,0.948,1.0,0.984,0.15384615384615385,0.0040650406504065045,0.9959349593495935,0.0,0.0,0.0,0.005160453848454308
SACV_2M,0.01,7,7,2126.252217076889,500,1.0,55.07886153146634,5.126772058954354,0.0,0.012,0.022,0.954,1.0,0.988,0.18181818181818182,0.004048582995951417,0.9959514170040485,0.0,0.0,0.0,0.0018521097729075123
SACV_2M,0.01,8,8,89.9097013173836,500,0.0,91.01576080692915,3.4461035452336883,0.064,0.028,0.164,0.036,0.0,0.228,0.4024390243902439,0.2894736842105263,0.7105263157894737,0.0,0.0,0.0,0.013655960815298159
SACV_2M,0.01,9,9,2099.404325918132,500,1.0,69.12515672814723,8.669269617521632,0.01,0.012,0.026,0.946,1.0,0.984,0.0,0.0,1.0,0.0,0.0,0.0,0.01444691729899084
SACV_2M,0.01,10,10,2146.5798824713415,500,1.0,37.46484914388685,7.827280509619133,0.0,0.008,0.028,0.944,1.0,0.98,0.5,0.014285714285714285,0.9857142857142858,0.0,0.0,0.0,0.012990227978947068
SACV_2M,0.01,11,11,2105.2440354247537,500,1.0,80.19954848164467,6.312572229019173,0.008,0.008,0.032,0.944,1.0,0.984,0.125,0.0040650406504065045,0.9959349593495935,0.0,0.0,0.0,0.003913695086172763
SACV_2M,0.01,12,12,2201.1371347649456,500,1.0,40.29143238664747,5.726709919482622,0.194,0.006,0.024,0.954,1.0,0.984,0.25,0.006097560975609756,0.9939024390243902,0.0,0.0,0.0,0.002825377870961864
SACV_2M,0.01,13,13,1191.937239978359,500,0.0,119.09350206799465,5.142005184521911,0.242,0.006,0.032,0.53,1.0,0.568,0.375,0.02112676056338028,0.9788732394366197,0.0,0.0,0.0,0.0026912134257275427
SACV_2M,0.01,14,14,2195.3015126337623,500,1.0,43.3376533240559,6.713096829019827,0.17,0.006,0.028,0.95,1.0,0.984,0.35714285714285715,0.01016260162601626,0.9898373983739838,0.0,0.0,0.0,0.004238701537255971
SACV_2M,0.01,15,15,2105.9601357376373,500,1.0,27.83476537459442,5.354304748414876,0.008,0.014,0.018,0.948,1.0,0.98,0.4444444444444444,0.00816326530612245,0.9918367346938776,0.0,0.0,0.0,0.01056335027824559
SACV_2M,0.01,16,16,2149.7907254597535,500,1.0,40.66780876618629,5.477991467467967,0.002,0.008,0.022,0.956,1.0,0.986,0.45454545454545453,0.010141987829614604,0.9898580121703854,0.0,0.0,0.0,0.0029142255057104465
SACV_2M,0.01,17,17,945.6678542132527,500,0.0,84.37674803710888,9.876377407189713,0.108,0.078,0.2,0.408,1.0,0.686,0.19,0.05539358600583091,0.9446064139941691,0.0,0.0,0.0,0.009683935183944375
SACV_2M,0.01,18,18,2210.1540848463496,500,1.0,31.157026336764595,5.851562709914258,0.196,0.01,0.022,0.958,1.0,0.99,0.2727272727272727,0.006060606060606061,0.9939393939393939,0.0,0.0,0.0,0.002748082819896786
SACV_2M,0.01,19,19,2178.574171977209,500,1.0,35.76655646870024,5.8278409443721015,0.0,0.008,0.026,0.95,1.0,0.984,0.46153846153846156,0.012195121951219513,0.9878048780487805,0.0,0.0,0.0,0.008418794926075654
SACV_2M,0.01,20,20,15.994981037014895,500,0.0,45.70424966689091,0.37851175735400344,0.028,0.01,0.022,0.01,0.0,0.042,0.36363636363636365,0.19047619047619047,0.8095238095238095,0.0,0.0,0.0,0.0038858685654276845
SACV_2M,0.01,21,21,25.82568524420158,500,0.0,70.26327632680061,0.8336978499140116,0.006,0.054,0.09,0.004,0.0,0.148,0.35555555555555557,0.21621621621621623,0.7837837837837838,0.0,0.0,0.0,0.02095152319167976
SACV_2M,0.01,22,22,31.250320743456413,500,0.0,96.85589421063507,2.1283063853854607,0.144,0.038,0.08,0.014,0.0,0.132,0.45,0.2727272727272727,0.7272727272727273,0.0,0.0,0.0,0.013223381528767742
SACV_2M,0.01,23,23,2186.865801225501,500,1.0,41.21872266696856,6.344281408282567,0.182,0.01,0.022,0.948,1.0,0.98,0.45454545454545453,0.01020408163265306,0.9897959183673469,0.0,0.0,0.0,0.0064558720920483165
SACV_2M,0.01,24,24,2089.9631527031415,500,0.0,39.295441178113144,6.02799659339056,0.02,0.004,0.02,0.88,1.0,0.904,0.1,0.0022123893805309734,0.9977876106194691,0.0,0.0,0.0,0.01812722459546881
SACV_2M,0.01,25,25,2134.1967096077387,500,1.0,21.904149706839025,5.556392859832975,0.0,0.008,0.022,0.956,1.0,0.986,0.2727272727272727,0.006085192697768763,0.9939148073022313,0.0,0.0,0.0,0.0039059591349587743
SACV_2M,0.01,26,26,2089.453376586462,500,1.0,44.26727613113128,5.3093164772359405,0.006,0.02,0.024,0.938,1.0,0.982,0.16666666666666666,0.004073319755600814,0.9959266802443992,0.0,0.0,0.0,0.008725697523874804
SACV_2M,0.01,27,27,2145.4715526410755,500,1.0,41.008094255566,5.327856042606711,0.0,0.008,0.022,0.954,1.0,0.984,0.18181818181818182,0.0040650406504065045,0.9959349593495935,0.0,0.0,0.0,0.006463446919573942
SACV_2M,0.01,28,28,146.72350274207875,500,0.0,38.32962185837254,1.0127758558035074,0.018,0.008,0.024,0.072,1.0,0.104,0.25,0.057692307692307696,0.9423076923076923,0.0,0.0,0.0,0.026770766209665835
SACV_2M,0.01,29,29,2148.013407181494,500,1.0,49.98749683918823,6.055586169070928,0.002,0.006,0.026,0.954,1.0,0.986,0.15384615384615385,0.004056795131845842,0.9959432048681541,0.0,0.0,0.0,0.004641500727058212
M4_1_baseline,0.01,0,0,48.47042068332302,500,0.0,0.0,0.0,0.01,0.948,0.0,0.0,0.0,0.948,0.0,0.0,1.0,0.0,0.0,0.0,0.09500389778976873
M4_1_baseline,0.01,1,1,2087.3956871377795,500,1.0,46.30183545287965,5.867900582848191,0.008,0.008,0.038,0.928,1.0,0.974,0.5263157894736842,0.02053388090349076,0.9794661190965093,0.0,0.0,0.0,0.011107793133416458
M4_1_baseline,0.01,2,2,1423.482675392561,500,0.0,40.01798850731748,5.704449688769569,0.008,0.008,0.02,0.644,1.0,0.672,0.2,0.005952380952380952,0.9940476190476191,0.0,0.0,0.0,0.018892643311342324
M4_1_baseline,0.01,3,3,2130.0003133893742,500,1.0,44.00739780411674,5.992514681488191,0.07,0.006,0.022,0.942,1.0,0.97,0.09090909090909091,0.002061855670103093,0.9979381443298969,0.0,0.0,0.0,0.004167991978508821
M4_1_baseline,0.01,4,4,7.788189755493549,500,0.0,53.028219100594995,0.45925530978321016,0.004,0.018,0.028,0.0,0.0,0.046,0.14285714285714285,0.08695652173913043,0.9130434782608696,0.0,0.0,0.0,0.020700119287295603
M4_1_baseline,0.01,5,5,2132.066511922369,500,1.0,27.848417225509994,7.196003601899706,0.002,0.008,0.028,0.94,1.0,0.976,0.5,0.014344262295081968,0.985655737704918,0.0,0.0,0.0,0.011920966389378134
M4_1_baseline,0.01,6,6,4.96149872677588,500,0.0,0.0,0.0,0.016,0.024,0.0,0.0,0.0,0.024,0.0,0.0,1.0,0.0,0.0,0.0,0.0822635345270064
M4_1_baseline,0.01,7,7,2107.193269951331,500,1.0,40.72485645757711,6.114804330567622,0.0,0.01,0.028,0.948,1.0,0.986,0.42857142857142855,0.012170385395537525,0.9878296146044625,0.0,0.0,0.0,0.008265566793119154
M4_1_baseline,0.01,8,8,2070.326950285276,500,1.0,66.08355665385724,7.933803274886499,0.018,0.008,0.044,0.926,1.0,0.978,0.3181818181818182,0.014314928425357873,0.9856850715746421,0.0,0.0,0.0,0.007538590413786583
M4_1_baseline,0.01,9,9,2114.024135073439,500,1.0,56.754597565195176,6.399007203324905,0.006,0.008,0.034,0.94,1.0,0.982,0.23529411764705882,0.008146639511201629,0.9918533604887984,0.0,0.0,0.0,0.004133855935910168
M4_1_baseline,0.01,10,10,1274.2804181205813,500,0.0,43.805748021142556,5.103259712791355,0.006,0.022,0.026,0.574,1.0,0.622,0.23076923076923078,0.00964630225080386,0.9903536977491961,0.0,0.0,0.0,0.01967132599678761
M4_1_baseline,0.01,11,11,1511.8399157868894,500,0.0,55.623705384420376,4.4455900915389845,0.022,0.008,0.026,0.734,1.0,0.768,0.38461538461538464,0.013020833333333334,0.9869791666666666,0.0,0.0,0.0,0.01850682672248927
M4_1_baseline,0.01,12,12,2197.4503724171827,500,1.0,20.90290541242334,5.375113460714458,0.004,0.008,0.024,0.94,1.0,0.972,0.5,0.012345679012345678,0.9876543209876543,0.0,0.0,0.0,0.007149612665203006
M4_1_baseline,0.01,13,13,2120.0876428582974,500,1.0,55.570242916093115,5.596457607894642,0.002,0.006,0.036,0.93,1.0,0.972,0.5555555555555556,0.0205761316872428,0.9794238683127572,0.0,0.0,0.0,0.006679367255356313
M4_1_baseline,0.01,14,14,2142.9867463074124,500,1.0,60.37916856176715,6.924529299377665,0.006,0.008,0.04,0.924,1.0,0.972,0.45,0.018518518518518517,0.9814814814814815,0.0,0.0,0.0,0.0040524352124861746
M4_1_baseline,0.01,15,15,1901.9042510994896,500,1.0,75.74564989612337,6.535264116104544,0.014,0.008,0.13,0.846,1.0,0.984,0.3384615384615385,0.044715447154471545,0.9552845528455285,0.0,0.0,0.0,0.008996274895600122
M4_1_baseline,0.01,16,16,2148.1482947462496,500,1.0,20.467128285897278,5.977554750604516,0.002,0.008,0.028,0.944,1.0,0.98,0.42857142857142855,0.012244897959183673,0.9877551020408163,0.0,0.0,0.0,0.005590330540520241
M4_1_baseline,0.01,17,17,2157.6559595648378,500,1.0,51.05598032599655,5.103342581309379,0.004,0.006,0.028,0.932,1.0,0.966,0.2857142857142857,0.008281573498964804,0.9917184265010351,0.0,0.0,0.0,0.010087089078157911
M4_1_baseline,0.01,18,18,2080.4531377171297,500,1.0,53.99861991249093,5.471331601273847,0.002,0.01,0.036,0.932,1.0,0.978,0.5555555555555556,0.02044989775051125,0.9795501022494888,0.0,0.0,0.0,0.011150977015705403
M4_1_baseline,0.01,19,19,2116.968312662507,500,1.0,36.11943212461463,7.8754256262152476,0.002,0.006,0.024,0.946,1.0,0.976,0.3333333333333333,0.00819672131147541,0.9918032786885246,0.0,0.0,0.0,0.004273271853040656
M4_1_baseline,0.01,20,20,46.76520372484452,500,0.0,0.0,0.0,0.008,0.958,0.0,0.0,0.0,0.958,0.0,0.0,1.0,0.0,0.0,0.0,0.10155137712073707
M4_1_baseline,0.01,21,21,24.501536727316015,500,0.0,36.97688285847663,0.10824173774653645,0.008,0.106,0.036,0.0,0.0,0.142,0.1111111111111111,0.028169014084507043,0.971830985915493,0.0,0.0,0.0,0.04347599102351442
M4_1_baseline,0.01,22,22,5.762877247343913,500,0.0,0.0,0.0,0.004,0.0,0.0,0.0,0.0,0.0,0.0,0.0,1.0,0.0,0.0,0.0,0.1668344256107103
M4_1_baseline,0.01,23,23,45.14464004219216,500,0.0,0.0,0.0,0.01,0.952,0.0,0.0,0.0,0.952,0.0,0.0,1.0,0.0,0.0,0.0,0.08734352912913954
M4_1_baseline,0.01,24,24,2166.6650819501283,500,1.0,19.099974781206022,5.038911032505514,0.006,0.01,0.024,0.936,1.0,0.97,0.25,0.006185567010309278,0.9938144329896907,0.0,0.0,0.0,0.009581292216600644
M4_1_baseline,0.01,25,25,648.1094254791175,500,0.0,34.70772891858696,2.5434661264584113,0.034,0.008,0.024,0.292,1.0,0.324,0.25,0.018518518518518517,0.9814814814814815,0.0,0.0,0.0,0.009769334871834652
M4_1_baseline,0.01,26,26,2015.9287595524943,500,1.0,47.146916390158346,5.7566613439542955,0.002,0.008,0.032,0.898,1.0,0.938,0.5,0.017057569296375266,0.9829424307036247,0.0,0.0,0.0,0.007220506559761915
M4_1_baseline,0.01,27,27,2146.9586160769395,500,1.0,43.67908173919464,6.209263820969068,0.002,0.006,0.026,0.942,1.0,0.974,0.15384615384615385,0.004106776180698152,0.9958932238193019,0.0,0.0,0.0,0.013023314642893628
M4_1_baseline,0.01,28,28,2139.3784717720337,500,1.0,43.18516975600977,5.993184787648752,0.002,0.006,0.026,0.944,1.0,0.976,0.07692307692307693,0.0020491803278688526,0.9979508196721312,0.0,0.0,0.0,0.01285860463326765
M4_1_baseline,0.01,29,29,2142.850390202349,500,1.0,29.985650249649154,6.0534220988659735,0.002,0.008,0.028,0.94,1.0,0.976,0.2857142857142857,0.00819672131147541,0.9918032786885246,0.0,0.0,0.0,0.012146458070813167
M4_1_repl0,0.01,0,0,1078.0316289459515,500,0.0,45.95483583746024,3.5104257364340894,0.07,0.006,0.026,0.504,1.0,0.536,0.46153846153846156,0.022388059701492536,0.9776119402985075,0.0,0.0,0.0,0.0047516023723271576
M4_1_repl0,0.01,1,1,2049.100602799927,500,1.0,29.42365258250557,5.500560532669698,0.0,0.008,0.032,0.926,1.0,0.966,0.625,0.020703933747412008,0.979296066252588,0.0,0.0,0.0,0.011319492325101991
M4_1_repl0,0.01,2,2,2082.659458036211,500,1.0,26.315471187241087,6.052904791725926,0.0,0.006,0.04,0.93,1.0,0.976,0.35,0.014344262295081968,0.985655737704918,0.0,0.0,0.0,0.004676973631354431
M4_1_repl0,0.01,3,3,2064.9050546166454,500,1.0,45.853406288464015,7.36839715782901,0.0,0.008,0.044,0.924,1.0,0.976,0.22727272727272727,0.010245901639344262,0.9897540983606558,0.0,0.0,0.0,0.006998882104594658
M4_1_repl0,0.01,4,4,2105.6057302965673,500,1.0,100.82506203918881,7.407636868832663,0.002,0.006,0.02,0.946,1.0,0.972,0.1,0.00205761316872428,0.9979423868312757,0.0,0.0,0.0,0.009538056401557502
M4_1_repl0,0.01,5,5,2134.905138397932,500,1.0,29.043939992000336,5.639648652851236,0.0,0.008,0.024,0.956,1.0,0.988,0.5,0.012145748987854251,0.9878542510121457,0.0,0.0,0.0,0.009744556313834172
M4_1_repl0,0.01,6,6,0.7199356779572494,500,0.0,0.0,0.0,0.002,0.0,0.0,0.0,0.0,0.0,0.0,0.0,1.0,0.0,0.0,0.0,0.20807905022407178
M4_1_repl0,0.01,7,7,2119.2214934862905,500,1.0,61.32499760442475,4.550220501234255,0.002,0.01,0.024,0.948,1.0,0.982,0.16666666666666666,0.004073319755600814,0.9959266802443992,0.0,0.0,0.0,0.01166004033417489
M4_1_repl0,0.01,8,8,1706.3374975300767,500,1.0,62.2518385765255,15.926243865932971,0.002,0.012,0.19,0.77,1.0,0.972,0.7368421052631579,0.1440329218106996,0.8559670781893004,0.0,0.0,0.0,0.01819633040344829
M4_1_repl0,0.01,9,9,2070.799197769755,500,1.0,17.70209836787245,4.932332365659208,0.0,0.014,0.032,0.926,1.0,0.972,0.5625,0.018518518518518517,0.9814814814814815,0.0,0.0,0.0,0.009106216770210795
M4_1_repl0,0.01,10,10,2098.8205398529167,500,1.0,24.64464186197726,5.569883967865683,0.016,0.006,0.032,0.934,1.0,0.972,0.3125,0.0102880658436214,0.9897119341563786,0.0,0.0,0.0,0.0020224532013622893
M4_1_repl0,0.01,11,11,2073.509198482781,500,1.0,56.91965328921724,6.165000381466525,0.002,0.01,0.022,0.944,1.0,0.976,0.18181818181818182,0.004098360655737705,0.9959016393442623,0.0,0.0,0.0,0.0025502677138601426
M4_1_repl0,0.01,12,12,2132.1613959052747,500,1.0,27.389424825427533,5.507748539780814,0.0,0.006,0.018,0.956,1.0,0.98,0.2222222222222222,0.004081632653061225,0.9959183673469387,0.0,0.0,0.0,0.00887814727981819
M4_1_repl0,0.01,13,13,407.12699804846653,500,0.0,55.74209951696539,3.630854427585824,0.022,0.006,0.026,0.244,1.0,0.276,0.23076923076923078,0.021739130434782608,0.9782608695652174,0.0,0.0,0.0,0.004856576360545585
M4_1_repl0,0.01,14,14,1589.4162665936578,500,0.0,34.77385168819677,5.011255061054098,0.006,0.008,0.022,0.73,1.0,0.76,0.5454545454545454,0.015789473684210527,0.9842105263157894,0.0,0.0,0.0,0.01841221255621111
M4_1_repl0,0.01,15,15,2090.8852038804494,500,1.0,77.00055006293402,5.578023493429586,0.002,0.008,0.024,0.938,1.0,0.97,0.25,0.006185567010309278,0.9938144329896907,0.0,0.0,0.0,0.007265134525103672
M4_1_repl0,0.01,16,16,2228.5384329131207,500,1.0,46.99120624879095,7.155292831972704,0.084,0.008,0.032,0.946,1.0,0.986,0.4375,0.014198782961460446,0.9858012170385395,0.0,0.0,0.0,0.0026710343673386314
M4_1_repl0,0.01,17,17,2157.0977184012495,500,1.0,49.32687696402731,9.208570118098915,0.0,0.006,0.024,0.946,1.0,0.976,0.3333333333333333,0.00819672131147541,0.9918032786885246,0.0,0.0,0.0,0.01245231764973085
M4_1_repl0,0.01,18,18,994.579626787672,500,0.0,40.13830096773267,5.610209184609782,0.008,0.008,0.062,0.442,1.0,0.512,0.2903225806451613,0.03515625,0.96484375,0.0,0.0,0.0,0.008827709621356145
M4_1_repl0,0.01,19,19,2096.11523269464,500,1.0,29.819425418990516,7.4245331656563085,0.002,0.006,0.032,0.94,1.0,0.978,0.3125,0.010224948875255624,0.9897750511247444,0.0,0.0,0.0,0.011796225165760467
M4_1_repl0,0.01,20,20,17.306127731111584,500,0.0,42.810038671174674,0.7989486083136432,0.0,0.078,0.09,0.0,0.0,0.168,0.4222222222222222,0.2261904761904762,0.7738095238095238,0.0,0.0,0.0,0.03578245377118281
M4_1_repl0,0.01,21,21,1.6034529232519048,500,0.0,0.0,0.0,0.002,0.0,0.0,0.0,0.0,0.0,0.0,0.0,1.0,0.0,0.0,0.0,0.22962355965304096
M4_1_repl0,0.01,22,22,16.120227651340397,500,0.0,65.13798465916275,0.8507217644129614,0.032,0.064,0.086,0.0,0.0,0.15,0.13953488372093023,0.08,0.92,0.0,0.0,0.0,0.019142453560638924
M4_1_repl0,0.01,23,23,14.911842035483003,500,0.0,81.65396527798079,2.247759706631143,0.19,0.036,0.092,0.0,0.0,0.128,0.34782608695652173,0.25,0.75,0.0,0.0,0.0,0.029186712193349545
M4_1_repl0,0.01,24,24,2116.9147268560714,500,1.0,76.68759209007855,5.248347305357283,0.0,0.006,0.026,0.946,1.0,0.978,0.38461538461538464,0.010224948875255624,0.9897750511247444,0.0,0.0,0.0,0.006087960122774813
M4_1_repl0,0.01,25,25,2073.950824374438,500,1.0,13.396475624717342,4.950022192935243,0.002,0.01,0.042,0.926,1.0,0.978,0.23809523809523808,0.010224948875255624,0.9897750511247444,0.0,0.0,0.0,0.005654132087731078
M4_1_repl0,0.01,26,26,42.50851202030362,500,0.0,52.069492098873866,6.140236865847729,0.006,0.068,0.26,0.0,0.0,0.328,0.5384615384615384,0.4268292682926829,0.5731707317073171,0.0,0.0,0.0,0.021596649409747728
M4_1_repl0,0.01,27,27,2081.495251118657,500,1.0,60.32317103466814,10.580500691208984,0.0,0.008,0.042,0.93,1.0,0.98,0.3333333333333333,0.014285714285714285,0.9857142857142858,0.0,0.0,0.0,0.009328580747405057
M4_1_repl0,0.01,28,28,154.15609520479742,500,0.0,50.216047143771675,0.43793753522519724,0.014,0.006,0.032,0.066,1.0,0.104,0.1875,0.057692307692307696,0.9423076923076923,0.0,0.0,0.0,0.009787758724334567
M4_1_repl0,0.01,29,29,1971.020498090047,500,1.0,32.70540788366624,5.582583345219514,0.054,0.016,0.06,0.87,1.0,0.946,0.2,0.012684989429175475,0.9873150105708245,0.0,0.0,0.0,0.0038266685806703903
SACV_2M,0.02,0,0,2185.365854219847,500,1.0,31.444478591073555,6.22969540608487,0.178,0.006,0.026,0.948,1.0,0.98,0.46153846153846156,0.012244897959183673,0.9877551020408163,0.0,0.0,0.0,0.007247227815152842
SACV_2M,0.02,1,1,2039.1934177734863,500,1.0,55.29907279173083,9.290799683001387,0.014,0.01,0.05,0.922,1.0,0.982,0.32,0.016293279022403257,0.9837067209775967,0.0,0.0,0.0,0.009311968294691749
SACV_2M,0.02,2,2,2139.7859418286257,500,1.0,21.46585799360463,5.313474652585191,0.0,0.008,0.026,0.952,1.0,0.986,0.38461538461538464,0.010141987829614604,0.9898580121703854,0.0,0.0,0.0,0.005364406814366584
SACV_2M,0.02,3,3,2132.474316143763,500,1.0,25.599317495853537,5.780680095975838,0.0,0.008,0.022,0.956,1.0,0.986,0.36363636363636365,0.008113590263691683,0.9918864097363083,0.0,0.0,0.0,0.007547757987037229
SACV_2M,0.02,4,4,2109.738359283448,500,1.0,76.73749350028056,5.5049608034548,0.004,0.006,0.032,0.944,1.0,0.982,0.375,0.012219959266802444,0.9877800407331976,0.0,0.0,0.0,0.011231470658413989
SACV_2M,0.02,5,5,2155.382870021649,500,0.0,33.7019974572042,5.7797469453803565,0.018,0.008,0.022,0.906,1.0,0.936,0.45454545454545453,0.010683760683760684,0.9893162393162394,0.0,0.0,0.0,0.01944102098843885
SACV_2M,0.02,6,6,960.601694154042,500,0.0,85.27684366104857,5.157224787672852,0.038,0.008,0.03,0.424,1.0,0.462,0.3333333333333333,0.021645021645021644,0.9783549783549783,0.0,0.0,0.0,0.011628266025288892
SACV_2M,0.02,7,7,2132.6716603158898,500,1.0,15.740260979717359,5.777538906436472,0.014,0.014,0.02,0.954,1.0,0.988,0.3,0.006072874493927126,0.9939271255060729,0.0,0.0,0.0,0.00977159013816553
SACV_2M,0.02,8,8,1601.3053828628945,500,0.0,91.21842234893796,13.038224862002147,0.094,0.014,0.154,0.722,1.0,0.89,0.44155844155844154,0.07640449438202247,0.9235955056179775,0.0,0.0,0.0,0.009405941470737658
SACV_2M,0.02,9,9,1772.6814199187306,500,1.0,111.45058846842163,11.90641943545564,0.034,0.012,0.188,0.784,1.0,0.984,0.5425531914893617,0.10365853658536585,0.8963414634146342,0.0,0.0,0.0,0.007222435279224319
SACV_2M,0.02,10,10,2017.9177674050447,500,1.0,55.05826118472333,8.987328306275757,0.006,0.008,0.046,0.918,1.0,0.972,0.6086956521739131,0.02880658436213992,0.9711934156378601,0.0,0.0,0.0,0.017250550497562446
SACV_2M,0.02,11,11,2120.0442939947256,500,1.0,62.93839870532726,5.091838767865581,0.004,0.014,0.02,0.952,1.0,0.986,0.3,0.006085192697768763,0.9939148073022313,0.0,0.0,0.0,0.010063728046265945
SACV_2M,0.02,12,12,2196.001921618471,500,1.0,34.21719034217685,5.199588779101148,0.2,0.006,0.026,0.952,1.0,0.984,0.3076923076923077,0.008130081300813009,0.991869918699187,0.0,0.0,0.0,0.00641226802471636
SACV_2M,0.02,13,13,8.360304208330776,500,0.0,24.902468808946544,0.2430502981223751,0.002,0.02,0.042,0.0,0.0,0.062,0.38095238095238093,0.25806451612903225,0.7419354838709677,0.0,0.0,0.0,0.03003748285992007
SACV_2M,0.02,14,14,2199.256602253006,500,1.0,30.001375989432773,5.568016450910306,0.186,0.006,0.024,0.954,1.0,0.984,0.25,0.006097560975609756,0.9939024390243902,0.0,0.0,0.0,0.002565796485719791
SACV_2M,0.02,15,15,2124.2744308440056,500,1.0,55.75620030062515,5.655333526564342,0.004,0.008,0.028,0.954,1.0,0.99,0.21428571428571427,0.006060606060606061,0.9939393939393939,0.0,0.0,0.0,0.006596784554311841
SACV_2M,0.02,16,16,1163.018541843156,500,0.0,52.99432210638441,5.245229117277729,0.014,0.01,0.022,0.526,1.0,0.558,0.18181818181818182,0.007168458781362007,0.992831541218638,0.0,0.0,0.0,0.021063241216637305
SACV_2M,0.02,17,17,97.18483070018287,500,0.0,51.391792815034066,3.072623757122022,0.002,0.602,0.25,0.02,0.0,0.872,0.376,0.10779816513761468,0.8922018348623854,0.0,0.0,0.0,0.02589179602158467
SACV_2M,0.02,18,18,2179.220961347937,500,1.0,34.7210156818323,9.926998494126781,0.004,0.008,0.016,0.964,1.0,0.988,0.25,0.004048582995951417,0.9959514170040485,0.0,0.0,0.0,0.012973617692507508
SACV_2M,0.02,19,19,2138.398866033152,500,1.0,46.94718554806998,11.985640205161866,0.002,0.008,0.02,0.958,1.0,0.986,0.1,0.002028397565922921,0.9979716024340771,0.0,0.0,0.0,0.009322638930409079
SACV_2M,0.02,20,20,2093.278778297398,500,1.0,32.77044068743881,5.297878956989499,0.016,0.01,0.032,0.938,1.0,0.98,0.5,0.0163265306122449,0.9836734693877551,0.0,0.0,0.0,0.003426812113493839
SACV_2M,0.02,21,21,2107.605551445038,500,1.0,50.01703412079656,5.214714359923701,0.004,0.008,0.034,0.942,1.0,0.984,0.23529411764705882,0.008130081300813009,0.991869918699187,0.0,0.0,0.0,0.0064890424449866166
SACV_2M,0.02,22,22,50.44231782012974,500,0.0,93.35095998774202,2.0178206250465136,0.026,0.082,0.194,0.004,0.0,0.28,0.23711340206185566,0.16428571428571428,0.8357142857142857,0.0,0.0,0.0,0.01204026624392101
SACV_2M,0.02,23,23,2157.4049130510757,500,1.0,53.318855364032835,5.800486612813825,0.028,0.008,0.024,0.95,1.0,0.982,0.5833333333333334,0.014256619144602852,0.9857433808553971,0.0,0.0,0.0,0.0013498720395764697
SACV_2M,0.02,24,24,2147.1324903452523,500,1.0,40.03188888810095,5.955452712563179,0.0,0.006,0.02,0.956,1.0,0.982,0.4,0.008146639511201629,0.9918533604887984,0.0,0.0,0.0,0.00301550630331438
SACV_2M,0.02,25,25,2141.487468872641,500,1.0,25.704086078428265,6.298564651865824,0.002,0.008,0.018,0.958,1.0,0.984,0.3333333333333333,0.006097560975609756,0.9939024390243902,0.0,0.0,0.0,0.006846585500480372
SACV_2M,0.02,26,26,2110.723082068945,500,1.0,66.33444518971699,5.697230623020614,0.004,0.01,0.022,0.946,1.0,0.978,0.5454545454545454,0.012269938650306749,0.9877300613496932,0.0,0.0,0.0,0.008073912888082978
SACV_2M,0.02,27,27,2134.4921615247413,500,1.0,54.59865353809313,5.878754710647347,0.002,0.008,0.024,0.948,1.0,0.98,0.6666666666666666,0.0163265306122449,0.9836734693877551,0.0,0.0,0.0,0.004871535991388749
SACV_2M,0.02,28,28,253.38847198288693,500,0.0,34.594206986753754,1.8926339044989973,0.038,0.118,0.062,0.108,1.0,0.288,0.1935483870967742,0.041666666666666664,0.9583333333333334,0.0,0.0,0.0,0.028796771869368503
SACV_2M,0.02,29,29,2109.560531312323,500,1.0,40.890148830695054,5.742910856006492,0.0,0.008,0.026,0.948,1.0,0.982,0.23076923076923078,0.006109979633401222,0.9938900203665988,0.0,0.0,0.0,0.01283376124170724
M4_1_baseline,0.02,0,0,52.99809425376274,500,0.0,0.0,0.0,0.01,0.95,0.0,0.0,0.0,0.95,0.0,0.0,1.0,0.0,0.0,0.0,0.08092791348225024
M4_1_baseline,0.02,1,1,2132.2489452942723,500,1.0,46.71778424766858,6.905449702983468,0.12,0.008,0.028,0.94,1.0,0.976,0.2857142857142857,0.00819672131147541,0.9918032786885246,0.0,0.0,0.0,0.009469156727269718
M4_1_baseline,0.02,2,2,2157.4531555838776,500,1.0,51.11245309613153,6.385009254655361,0.002,0.006,0.024,0.946,1.0,0.976,0.3333333333333333,0.00819672131147541,0.9918032786885246,0.0,0.0,0.0,0.010519640923319834
M4_1_baseline,0.02,3,3,2134.126320434432,500,1.0,37.66658805142522,5.703632847230725,0.13,0.006,0.024,0.944,1.0,0.974,0.08333333333333333,0.002053388090349076,0.997946611909651,0.0,0.0,0.0,0.00668675368990574
M4_1_baseline,0.02,4,4,28.16442369135587,500,0.0,0.0,0.0,0.004,0.278,0.0,0.0,0.0,0.278,0.0,0.0,1.0,0.0,0.0,0.0,0.07804821622681873
M4_1_baseline,0.02,5,5,2139.2581787811473,500,1.0,44.96044012259554,8.489992539011157,0.002,0.008,0.026,0.942,1.0,0.976,0.6153846153846154,0.01639344262295082,0.9836065573770492,0.0,0.0,0.0,0.008086875466581829
M4_1_baseline,0.02,6,6,2029.3434788156944,500,1.0,31.306088777996152,6.747107917255147,0.002,0.008,0.034,0.91,1.0,0.952,0.5882352941176471,0.02100840336134454,0.9789915966386554,0.0,0.0,0.0,0.007848274675617635
M4_1_baseline,0.02,7,7,1995.2502783339078,500,1.0,39.10924954286931,5.5338062658869385,0.002,0.01,0.024,0.902,1.0,0.936,0.4166666666666667,0.010683760683760684,0.9893162393162394,0.0,0.0,0.0,0.009799720567724763
M4_1_baseline,0.02,8,8,2099.7065905888426,500,1.0,84.07088626865678,6.3471372655148235,0.008,0.006,0.04,0.934,1.0,0.98,0.55,0.022448979591836733,0.9775510204081632,0.0,0.0,0.0,0.005573662520822325
M4_1_baseline,0.02,9,9,730.2017242543994,500,0.0,38.59310229436033,2.7040004264589372,0.036,0.006,0.032,0.324,1.0,0.362,0.5625,0.049723756906077346,0.9502762430939227,0.0,0.0,0.0,0.011375648150588924
M4_1_baseline,0.02,10,10,78.82674711709699,500,0.0,77.95556351064634,4.939786449830927,0.06,0.05,0.17,0.048,0.0,0.268,0.5176470588235295,0.3283582089552239,0.6716417910447761,0.0,0.0,0.0,0.02447871443521749
M4_1_baseline,0.02,11,11,2127.9567060345635,500,1.0,46.54499340514554,10.6155648562637,0.002,0.006,0.024,0.954,1.0,0.984,0.4166666666666667,0.01016260162601626,0.9898373983739838,0.0,0.0,0.0,0.015525179836464753
M4_1_baseline,0.02,12,12,2166.232048829055,500,1.0,22.916155690672586,4.991484815825544,0.004,0.008,0.03,0.934,1.0,0.972,0.6,0.018518518518518517,0.9814814814814815,0.0,0.0,0.0,0.006616720019690944
M4_1_baseline,0.02,13,13,2144.62253043187,500,1.0,35.87647080539012,6.264259112434668,0.004,0.006,0.026,0.938,1.0,0.97,0.3076923076923077,0.008247422680412371,0.9917525773195877,0.0,0.0,0.0,0.01231306069314323
M4_1_baseline,0.02,14,14,496.9255981314257,500,0.0,58.317341699955215,2.85244115871043,0.052,0.01,0.028,0.214,1.0,0.252,0.42857142857142855,0.047619047619047616,0.9523809523809523,0.0,0.0,0.0,0.0061751272484281625
M4_1_baseline,0.02,15,15,2116.2548221609172,500,1.0,32.68681337774217,5.782994523198387,0.004,0.008,0.028,0.95,1.0,0.986,0.5714285714285714,0.016227180527383367,0.9837728194726166,0.0,0.0,0.0,0.011183630508329503
M4_1_baseline,0.02,16,16,2131.122498394836,500,1.0,17.66153293886982,5.256393641143131,0.004,0.008,0.032,0.938,1.0,0.978,0.625,0.02044989775051125,0.9795501022494888,0.0,0.0,0.0,0.012069472764941955
M4_1_baseline,0.02,17,17,2146.9625310098854,500,1.0,27.470893185645433,5.577322114027538,0.004,0.008,0.022,0.948,1.0,0.978,0.36363636363636365,0.0081799591002045,0.9918200408997955,0.0,0.0,0.0,0.012486590366371746
M4_1_baseline,0.02,18,18,2125.1240996966335,500,1.0,42.487238019692825,5.793663305095799,0.002,0.008,0.04,0.934,1.0,0.982,0.6,0.024439918533604887,0.9755600814663952,0.0,0.0,0.0,0.013211051589762669
M4_1_baseline,0.02,19,19,1309.0241865282853,500,0.0,45.109341852699714,4.729701369247958,0.018,0.012,0.02,0.596,1.0,0.628,0.1,0.0031847133757961785,0.9968152866242038,0.0,0.0,0.0,0.017723036127031664
M4_1_baseline,0.02,20,20,31.734055809218177,500,0.0,0.0,0.0,0.008,0.146,0.0,0.0,0.0,0.146,0.0,0.0,1.0,0.0,0.0,0.0,0.10742171979710184
M4_1_baseline,0.02,21,21,26.98343912026885,500,0.0,0.0,0.0,0.01,0.31,0.0,0.0,0.0,0.31,0.0,0.0,1.0,0.0,0.0,0.0,0.08685203061735816
M4_1_baseline,0.02,22,22,5.567107229264261,500,0.0,0.0,0.0,0.002,0.0,0.0,0.0,0.0,0.0,0.0,0.0,1.0,0.0,0.0,0.0,0.16194790968675865
M4_1_baseline,0.02,23,23,55.299263237326215,500,0.0,0.0,0.0,0.01,0.95,0.0,0.0,0.0,0.95,0.0,0.0,1.0,0.0,0.0,0.0,0.08570464138333268
M4_1_baseline,0.02,24,24,727.2185455633796,500,0.0,46.76209930043269,3.2644282351860148,0.058,0.006,0.018,0.322,1.0,0.346,0.0,0.0,1.0,0.0,0.0,0.0,0.016823928572522177
M4_1_baseline,0.02,25,25,2099.9378800443433,500,1.0,45.308946566771276,5.305956776508108,0.004,0.004,0.028,0.944,1.0,0.976,0.21428571428571427,0.006147540983606557,0.9938524590163934,0.0,0.0,0.0,0.0056313217426564
M4_1_baseline,0.02,26,26,2094.9273155644205,500,1.0,57.18378267034227,5.8336995175144954,0.004,0.01,0.038,0.912,1.0,0.96,0.42105263157894735,0.016666666666666666,0.9833333333333333,0.0,0.0,0.0,0.007311395722749738
M4_1_baseline,0.02,27,27,884.9318161538379,500,0.0,41.50082131582558,5.951341596805277,0.036,0.006,0.028,0.604,1.0,0.638,0.14285714285714285,0.006269592476489028,0.9937304075235109,0.0,0.0,0.0,0.011413933254472973
M4_1_baseline,0.02,28,28,2121.2577031585583,500,1.0,33.83002965417062,7.454057511720883,0.002,0.008,0.022,0.934,1.0,0.964,0.2727272727272727,0.006224066390041493,0.9937759336099585,0.0,0.0,0.0,0.014546688408670856
M4_1_baseline,0.02,29,29,2098.9180802697547,500,1.0,28.78977203471168,6.025861177902565,0.002,0.008,0.022,0.922,1.0,0.952,0.2727272727272727,0.0063025210084033615,0.9936974789915967,0.0,0.0,0.0,0.016629788643047167
M4_1_repl0,0.02,0,0,958.1750687662316,500,0.0,71.4904410988981,3.4189839468374132,0.15,0.006,0.024,0.454,1.0,0.484,0.4166666666666667,0.02066115702479339,0.9793388429752066,0.0,0.0,0.0,0.0034222541136476052
M4_1_repl0,0.02,1,1,2077.4161767215032,500,1.0,30.491614193690634,7.321256821818339,0.0,0.008,0.028,0.934,1.0,0.97,0.42857142857142855,0.012371134020618556,0.9876288659793815,0.0,0.0,0.0,0.014265510974684864
M4_1_repl0,0.02,2,2,2090.6456328980576,500,1.0,27.914994348058148,6.0747742176687325,0.002,0.008,0.038,0.934,1.0,0.98,0.47368421052631576,0.018367346938775512,0.9816326530612245,0.0,0.0,0.0,0.007188958996977709
M4_1_repl0,0.02,3,3,2087.1163375760284,500,1.0,25.244888956869943,8.076398203703512,0.0,0.012,0.03,0.936,1.0,0.978,0.26666666666666666,0.0081799591002045,0.9918200408997955,0.0,0.0,0.0,0.012572663443141436
M4_1_repl0,0.02,4,4,1.9036951707025307,500,0.0,0.0,0.0,0.002,0.0,0.0,0.0,0.0,0.0,0.0,0.0,1.0,0.0,0.0,0.0,0.20011853792511453
M4_1_repl0,0.02,5,5,2135.5649284905753,500,1.0,28.254773458458125,6.097867350631962,0.0,0.008,0.024,0.954,1.0,0.986,0.5833333333333334,0.014198782961460446,0.9858012170385395,0.0,0.0,0.0,0.007899691166118435
M4_1_repl0,0.02,6,6,1.5547540059326421,500,0.0,0.0,0.0,0.002,0.0,0.0,0.0,0.0,0.0,0.0,0.0,1.0,0.0,0.0,0.0,0.20325795478758177
M4_1_repl0,0.02,7,7,2111.573136713527,500,1.0,72.81561235232297,5.073429555743223,0.002,0.008,0.024,0.946,1.0,0.978,0.16666666666666666,0.00408997955010225,0.9959100204498977,0.0,0.0,0.0,0.011333050654249664
M4_1_repl0,0.02,8,8,158.1792989342866,500,0.0,64.20492069380181,2.5470142362579438,0.004,0.446,0.084,0.062,1.0,0.592,0.5,0.07094594594594594,0.9290540540540541,0.0,0.0,0.0,0.01906148352863845
M4_1_repl0,0.02,9,9,2098.378301291805,500,1.0,20.461729028398285,6.292869087299109,0.0,0.012,0.028,0.938,1.0,0.978,0.5,0.014314928425357873,0.9856850715746421,0.0,0.0,0.0,0.013243412446010476
M4_1_repl0,0.02,10,10,2068.9059759639767,500,1.0,33.8247484677785,7.440302961636537,0.0,0.006,0.034,0.926,1.0,0.966,0.5294117647058824,0.018633540372670808,0.9813664596273292,0.0,0.0,0.0,0.018680864190714404
M4_1_repl0,0.02,11,11,2114.0559045249647,500,1.0,60.838747021645325,5.748144500326286,0.002,0.008,0.022,0.95,1.0,0.98,0.2727272727272727,0.006122448979591836,0.9938775510204082,0.0,0.0,0.0,0.004235937795619818
M4_1_repl0,0.02,12,12,2165.1501001584343,500,1.0,11.181812687328922,5.052225847073454,0.0,0.004,0.018,0.956,1.0,0.978,0.2222222222222222,0.00408997955010225,0.9959100204498977,0.0,0.0,0.0,0.005762761026011155
M4_1_repl0,0.02,13,13,2121.925066735665,500,1.0,30.63481724461197,9.924517500526512,0.002,0.008,0.018,0.948,1.0,0.974,0.3333333333333333,0.006160164271047228,0.9938398357289527,0.0,0.0,0.0,0.015587402028531714
M4_1_repl0,0.02,14,14,2130.9645810139045,500,1.0,37.21593470526322,5.155679786667999,0.002,0.008,0.018,0.956,1.0,0.982,0.0,0.0,1.0,0.0,0.0,0.0,0.007250320194054689
M4_1_repl0,0.02,15,15,2082.3126481809218,500,1.0,60.270591069198815,5.223069338790933,0.002,0.01,0.024,0.932,1.0,0.966,0.08333333333333333,0.002070393374741201,0.9979296066252588,0.0,0.0,0.0,0.011237247928078137
M4_1_repl0,0.02,16,16,2137.0192499478803,500,1.0,48.954060312631896,8.04574635966004,0.038,0.01,0.03,0.95,1.0,0.99,0.6,0.01818181818181818,0.9818181818181818,0.0,0.0,0.0,0.013891914528540121
M4_1_repl0,0.02,17,17,2138.4044403798366,500,1.0,31.79489900114415,8.07537102970707,0.002,0.006,0.024,0.954,1.0,0.984,0.3333333333333333,0.008130081300813009,0.991869918699187,0.0,0.0,0.0,0.015383939757208025
M4_1_repl0,0.02,18,18,2157.741668665283,500,1.0,48.13998799929928,5.935084229866888,0.018,0.008,0.032,0.948,1.0,0.988,0.1875,0.006072874493927126,0.9939271255060729,0.0,0.0,0.0,0.0015007266266396796
M4_1_repl0,0.02,19,19,2117.531996184591,500,1.0,43.3088101790303,5.200802852923991,0.006,0.006,0.032,0.942,1.0,0.98,0.125,0.004081632653061225,0.9959183673469387,0.0,0.0,0.0,0.0037480411741681856
M4_1_repl0,0.02,20,20,17.674120438250036,500,0.0,98.05204157902318,2.6113381807953124,0.014,0.062,0.106,0.0,0.0,0.168,0.18867924528301888,0.11904761904761904,0.8809523809523809,0.0,0.0,0.0,0.023930962041325707
M4_1_repl0,0.02,21,21,2.003660696658084,500,0.0,0.0,0.0,0.002,0.0,0.0,0.0,0.0,0.0,0.0,0.0,1.0,0.0,0.0,0.0,0.24206274553753035
M4_1_repl0,0.02,22,22,21.871763883550006,500,0.0,63.17415553049065,1.8079963746456986,0.084,0.022,0.102,0.004,0.0,0.128,0.35294117647058826,0.28125,0.71875,0.0,0.0,0.0,0.0152103628094436
M4_1_repl0,0.02,23,23,937.4275415825764,500,0.0,94.04475024922077,33.78078775306648,0.204,0.008,0.122,0.848,1.0,0.978,0.39344262295081966,0.049079754601226995,0.950920245398773,0.0,0.0,0.0,0.0059251208396077755
M4_1_repl0,0.02,24,24,388.63967384283296,500,0.0,46.27300218693201,4.053065513527131,0.002,0.56,0.112,0.204,1.0,0.876,0.3392857142857143,0.04337899543378995,0.95662100456621,0.0,0.0,0.0,0.0046559758452097205
M4_1_repl0,0.02,25,25,2054.3088665042897,500,1.0,25.003917570663244,5.214395680900099,0.002,0.014,0.032,0.924,1.0,0.97,0.375,0.012371134020618556,0.9876288659793815,0.0,0.0,0.0,0.012160461582753303
M4_1_repl0,0.02,26,26,2082.229033402914,500,1.0,47.626570333631165,6.052118023239529,0.002,0.01,0.022,0.932,1.0,0.964,0.36363636363636365,0.008298755186721992,0.991701244813278,0.0,0.0,0.0,0.010921548750172502
M4_1_repl0,0.02,27,27,1997.7465243272059,500,1.0,88.11866031511516,6.520964564445714,0.012,0.006,0.072,0.884,1.0,0.962,0.19444444444444445,0.014553014553014554,0.9854469854469854,0.0,0.0,0.0,0.006712958068710696
M4_1_repl0,0.02,28,28,2157.158538640355,500,1.0,36.613752791158795,4.988748780749422,0.024,0.006,0.03,0.942,1.0,0.978,0.13333333333333333,0.00408997955010225,0.9959100204498977,0.0,0.0,0.0,0.0030308566398195677
M4_1_repl0,0.02,29,29,2117.2291538669256,500,1.0,32.42079612582073,5.0164317961032205,0.0,0.008,0.026,0.94,1.0,0.974,0.23076923076923078,0.006160164271047228,0.9938398357289527,0.0,0.0,0.0,0.012475380541425923
SACV_2M,0.04,0,0,2187.058558308131,500,1.0,29.659103936147726,6.284440709097059,0.144,0.008,0.028,0.946,1.0,0.982,0.42857142857142855,0.012219959266802444,0.9877800407331976,0.0,0.0,0.0,0.009002985362513581
SACV_2M,0.04,1,1,113.48385647183855,500,0.0,63.8083293899024,4.856826075280852,0.03,0.022,0.114,0.062,1.0,0.198,0.3157894736842105,0.18181818181818182,0.8181818181818181,0.0,0.0,0.0,0.015330906843862437
SACV_2M,0.04,2,2,2164.055944552745,500,1.0,50.09176556402345,5.488011987398492,0.002,0.008,0.024,0.952,1.0,0.984,0.3333333333333333,0.008130081300813009,0.991869918699187,0.0,0.0,0.0,0.010537298430426566
SACV_2M,0.04,3,3,2126.2484235576976,500,1.0,26.488636760532525,5.942736597463861,0.0,0.008,0.022,0.948,1.0,0.978,0.2727272727272727,0.006134969325153374,0.9938650306748467,0.0,0.0,0.0,0.010903851959330442
SACV_2M,0.04,4,4,1777.4327855719512,500,1.0,112.76276550050959,16.345522834151293,0.14,0.01,0.188,0.786,1.0,0.984,0.3404255319148936,0.06504065040650407,0.9349593495934959,0.0,0.0,0.0,0.009216027401548052
SACV_2M,0.04,5,5,397.5342174256207,500,0.0,35.77967440271847,2.735711163104094,0.014,0.11,0.024,0.178,1.0,0.312,0.25,0.019230769230769232,0.9807692307692307,0.0,0.0,0.0,0.024182864239624822
SACV_2M,0.04,6,6,2112.2597538098603,500,1.0,65.57825588457594,5.653889070597309,0.004,0.01,0.028,0.944,1.0,0.982,0.2857142857142857,0.008146639511201629,0.9918533604887984,0.0,0.0,0.0,0.00991790838969172
SACV_2M,0.04,7,7,2143.751203855958,500,1.0,34.47580900929741,5.239404645194855,0.028,0.01,0.024,0.954,1.0,0.988,0.3333333333333333,0.008097165991902834,0.9919028340080972,0.0,0.0,0.0,0.007172669251154546
SACV_2M,0.04,8,8,2112.301922646177,500,1.0,94.33246125164747,5.554149005831094,0.004,0.01,0.026,0.948,1.0,0.984,0.3076923076923077,0.008130081300813009,0.991869918699187,0.0,0.0,0.0,0.0036965353206396844
SACV_2M,0.04,9,9,2108.1412577650594,500,1.0,72.0612223270815,6.438588485260227,0.002,0.01,0.022,0.952,1.0,0.984,0.18181818181818182,0.0040650406504065045,0.9959349593495935,0.0,0.0,0.0,0.0018343477718830382
SACV_2M,0.04,10,10,2154.868329772394,500,1.0,45.72482737115989,5.5118420907593775,0.0,0.01,0.024,0.946,1.0,0.98,0.4166666666666667,0.01020408163265306,0.9897959183673469,0.0,0.0,0.0,0.007704144917767866
SACV_2M,0.04,11,11,2123.688922389907,500,1.0,62.79575908011318,5.432636126766761,0.002,0.014,0.02,0.954,1.0,0.988,0.1,0.0020242914979757085,0.9979757085020243,0.0,0.0,0.0,0.004598992606986779
SACV_2M,0.04,12,12,2177.832865570082,500,1.0,21.34028995527949,5.596781379163704,0.114,0.008,0.026,0.938,1.0,0.972,0.46153846153846156,0.012345679012345678,0.9876543209876543,0.0,0.0,0.0,0.009736543113233503
SACV_2M,0.04,13,13,1100.936023274688,500,0.0,107.1581844767411,9.340287937622275,0.094,0.17,0.158,0.492,1.0,0.82,0.189873417721519,0.036585365853658534,0.9634146341463414,0.0,0.0,0.0,0.010022910388518982
SACV_2M,0.04,14,14,2204.835350630097,500,1.0,40.5129793406164,6.029152629533753,0.186,0.01,0.024,0.958,1.0,0.992,0.25,0.006048387096774193,0.9939516129032258,0.0,0.0,0.0,0.0031783362932054646
SACV_2M,0.04,15,15,2121.5073298549037,500,1.0,46.04321880927158,7.068282171567497,0.01,0.02,0.016,0.946,1.0,0.982,0.75,0.012219959266802444,0.9877800407331976,0.0,0.0,0.0,0.00979787988679077
SACV_2M,0.04,16,16,2145.508479222017,500,1.0,32.204182195296426,5.930428474002132,0.002,0.004,0.024,0.954,1.0,0.982,0.4166666666666667,0.010183299389002037,0.9898167006109979,0.0,0.0,0.0,0.005771730277252983
SACV_2M,0.04,17,17,2149.5415670235716,500,1.0,86.83609407296,7.480178921373893,0.002,0.006,0.016,0.956,1.0,0.978,0.25,0.00408997955010225,0.9959100204498977,0.0,0.0,0.0,0.012052108765095207
SACV_2M,0.04,18,18,2147.0683892320326,500,1.0,32.58704504340852,6.0906037329765015,0.004,0.006,0.024,0.956,1.0,0.986,0.5,0.012170385395537525,0.9878296146044625,0.0,0.0,0.0,0.0036040986233624285
SACV_2M,0.04,19,19,2049.7127739799794,500,1.0,44.17252897033166,8.760775529663048,0.006,0.01,0.064,0.914,1.0,0.988,0.4375,0.02834008097165992,0.97165991902834,0.0,0.0,0.0,0.0183003899525192
SACV_2M,0.04,20,20,38.86128677642575,500,0.0,96.24353542928455,2.065631781674783,0.076,0.06,0.08,0.018,0.0,0.158,0.175,0.08860759493670886,0.9113924050632911,0.0,0.0,0.0,0.013563358743779218
SACV_2M,0.04,21,21,2131.910000441358,500,1.0,27.834698984304186,7.228255154940385,0.004,0.01,0.024,0.952,1.0,0.986,0.5,0.012170385395537525,0.9878296146044625,0.0,0.0,0.0,0.012985564840050005
SACV_2M,0.04,22,22,1928.5044444029975,500,1.0,73.34947744120848,8.041287018387054,0.038,0.014,0.114,0.84,1.0,0.968,0.5263157894736842,0.06198347107438017,0.9380165289256198,0.0,0.0,0.0,0.02020805852899694
SACV_2M,0.04,23,23,1579.3972025744363,500,0.0,40.12218408718362,9.808941282558829,0.042,0.008,0.03,0.692,1.0,0.73,0.6666666666666666,0.0273972602739726,0.9726027397260274,0.0,0.0,0.0,0.01287236391697422
SACV_2M,0.04,24,24,2139.961819963782,500,1.0,38.83229027268625,5.36269039461977,0.006,0.006,0.03,0.952,1.0,0.988,0.5333333333333333,0.016194331983805668,0.9838056680161943,0.0,0.0,0.0,0.007609748401789979
SACV_2M,0.04,25,25,2125.9987799505143,500,1.0,43.19342428389018,5.696924938117264,0.004,0.01,0.024,0.954,1.0,0.988,0.25,0.006072874493927126,0.9939271255060729,0.0,0.0,0.0,0.003965870589547302
SACV_2M,0.04,26,26,38.75071297478099,500,0.0,51.54069773620115,1.3995074234854576,0.02,0.034,0.022,0.038,0.0,0.094,0.5454545454545454,0.1276595744680851,0.8723404255319149,0.0,0.0,0.0,0.032530644669453726
SACV_2M,0.04,27,27,14.620418266241142,500,0.0,60.577016011069674,0.2563071223399699,0.17,0.064,0.076,0.0,0.0,0.14,0.10526315789473684,0.05714285714285714,0.9428571428571428,0.0,0.0,0.0,0.02638980735290937
SACV_2M,0.04,28,28,2173.158351595211,500,1.0,45.044796038466885,8.557363320307436,0.058,0.008,0.024,0.954,1.0,0.986,0.08333333333333333,0.002028397565922921,0.9979716024340771,0.0,0.0,0.0,0.01335989250739356
SACV_2M,0.04,29,29,2131.071901113813,500,1.0,35.740712925958746,6.419300133134773,0.0,0.01,0.02,0.948,1.0,0.978,0.2,0.00408997955010225,0.9959100204498977,0.0,0.0,0.0,0.006007517751247251
M4_1_baseline,0.04,0,0,53.704848325529426,500,0.0,0.0,0.0,0.01,0.946,0.0,0.0,0.0,0.946,0.0,0.0,1.0,0.0,0.0,0.0,0.07892669621303802
M4_1_baseline,0.04,1,1,2159.866511337503,500,1.0,34.17165874006593,7.038499437759681,0.04,0.006,0.036,0.926,1.0,0.968,0.7777777777777778,0.028925619834710745,0.9710743801652892,0.0,0.0,0.0,0.007761298014334647
M4_1_baseline,0.04,2,2,2087.187005544026,500,1.0,43.4375713081924,5.7413716373076085,0.004,0.008,0.026,0.93,1.0,0.964,0.3076923076923077,0.008298755186721992,0.991701244813278,0.0,0.0,0.0,0.009176893089040107
M4_1_baseline,0.04,3,3,1115.4548000823706,500,0.0,47.212518743392955,4.801868662671702,0.082,0.008,0.032,0.554,1.0,0.594,0.25,0.013468013468013467,0.9865319865319865,0.0,0.0,0.0,0.01609059441035074
M4_1_baseline,0.04,4,4,1587.4332673580993,500,0.0,57.15617573510107,5.8555576053765455,0.078,0.01,0.032,0.704,1.0,0.746,0.25,0.010723860589812333,0.9892761394101877,0.0,0.0,0.0,0.011281850284389305
M4_1_baseline,0.04,5,5,2046.2444911054145,500,1.0,48.30966664866688,5.740222562428698,0.026,0.006,0.02,0.854,1.0,0.88,0.2,0.004545454545454545,0.9954545454545455,0.0,0.0,0.0,0.00939237180164653
M4_1_baseline,0.04,6,6,32.32443310399441,500,0.0,0.0,0.0,0.016,0.41,0.0,0.0,0.0,0.41,0.0,0.0,1.0,0.0,0.0,0.0,0.07562792446214524
M4_1_baseline,0.04,7,7,2111.4671498075604,500,1.0,56.17185967451671,5.4613113092492025,0.0,0.008,0.026,0.952,1.0,0.986,0.38461538461538464,0.010141987829614604,0.9898580121703854,0.0,0.0,0.0,0.00787099191409708
M4_1_baseline,0.04,8,8,2080.471498456868,500,1.0,64.3398830839055,6.39350231343428,0.006,0.02,0.026,0.932,1.0,0.978,0.5384615384615384,0.014314928425357873,0.9856850715746421,0.0,0.0,0.0,0.005975330934073989
M4_1_baseline,0.04,9,9,2127.126511376739,500,1.0,49.09218767878329,5.794391347757378,0.002,0.006,0.026,0.946,1.0,0.978,0.07692307692307693,0.002044989775051125,0.9979550102249489,0.0,0.0,0.0,0.002924309173811668
M4_1_baseline,0.04,10,10,1452.7259258300114,500,0.0,70.27385432408632,6.1303288964447065,0.012,0.058,0.096,0.65,1.0,0.804,0.20833333333333334,0.024875621890547265,0.9751243781094527,0.0,0.0,0.0,0.019011721475523918
M4_1_baseline,0.04,11,11,2140.6505170489086,500,1.0,62.38608573261735,9.411272151127466,0.002,0.008,0.024,0.954,1.0,0.986,0.4166666666666667,0.010141987829614604,0.9898580121703854,0.0,0.0,0.0,0.019195862496881006
M4_1_baseline,0.04,12,12,83.25365041268408,500,0.0,65.69077216150484,1.4803602112995862,0.042,0.014,0.022,0.082,1.0,0.118,0.18181818181818182,0.03389830508474576,0.9661016949152542,0.0,0.0,0.0,0.02985565480427412
M4_1_baseline,0.04,13,13,768.3703616059212,500,0.0,91.195644825985,6.7849807698812175,0.02,0.034,0.084,0.358,1.0,0.476,0.7619047619047619,0.13445378151260504,0.865546218487395,0.0,0.0,0.0,0.003480515390591773
M4_1_baseline,0.04,14,14,1675.3905584881752,500,0.0,79.24382733595674,8.514266188317787,0.022,0.014,0.02,0.722,1.0,0.756,0.4,0.010582010582010581,0.9894179894179894,0.0,0.0,0.0,0.00992501701606748
M4_1_baseline,0.04,15,15,8.052653542785801,500,0.0,68.42542280408358,0.7441850365346426,0.006,0.018,0.028,0.0,0.0,0.046,0.21428571428571427,0.13043478260869565,0.8695652173913043,0.0,0.0,0.0,0.01132512189332069
M4_1_baseline,0.04,16,16,2260.911770664303,500,1.0,19.00044930123779,6.979138352247469,0.002,0.008,0.022,0.946,1.0,0.976,0.18181818181818182,0.004098360655737705,0.9959016393442623,0.0,0.0,0.0,0.012656590860578156
M4_1_baseline,0.04,17,17,2079.922901667161,500,1.0,29.186302921773418,6.194161826653766,0.008,0.008,0.02,0.916,1.0,0.944,0.4,0.00847457627118644,0.9915254237288136,0.0,0.0,0.0,0.01180599837243557
M4_1_baseline,0.04,18,18,2140.6779676370948,500,1.0,28.39916474267368,5.764002358206395,0.002,0.008,0.03,0.94,1.0,0.978,0.4,0.012269938650306749,0.9877300613496932,0.0,0.0,0.0,0.008175130513932757
M4_1_baseline,0.04,19,19,2115.2484216729426,500,1.0,47.62173203963627,5.633725866622482,0.004,0.008,0.026,0.938,1.0,0.972,0.6153846153846154,0.01646090534979424,0.9835390946502057,0.0,0.0,0.0,0.006974110520599877
M4_1_baseline,0.04,20,20,12.993953046970992,500,0.0,0.0,0.0,0.002,0.0,0.0,0.0,0.0,0.0,0.0,0.0,1.0,0.0,0.0,0.0,0.17142380108586627
M4_1_baseline,0.04,21,21,2011.543132095695,500,1.0,79.76320201578062,6.589273720617713,0.02,0.008,0.032,0.904,1.0,0.944,0.25,0.00847457627118644,0.9915254237288136,0.0,0.0,0.0,0.002859891586569086
M4_1_baseline,0.04,22,22,31.73433987171494,500,0.0,0.0,0.0,0.006,0.468,0.0,0.0,0.0,0.468,0.0,0.0,1.0,0.0,0.0,0.0,0.1169280747591639
M4_1_baseline,0.04,23,23,44.931550063704826,500,0.0,0.0,0.0,0.008,0.944,0.0,0.0,0.0,0.944,0.0,0.0,1.0,0.0,0.0,0.0,0.10033841566721975
M4_1_baseline,0.04,24,24,2115.0469982497893,500,1.0,54.5826612084869,5.878014480750942,0.006,0.006,0.042,0.928,1.0,0.976,0.42857142857142855,0.018442622950819672,0.9815573770491803,0.0,0.0,0.0,0.007581861126505415
M4_1_baseline,0.04,25,25,1272.256902143466,500,0.0,101.19250607720241,5.568668216099103,0.094,0.006,0.036,0.562,1.0,0.604,0.3888888888888889,0.023178807947019868,0.9768211920529801,0.0,0.0,0.0,0.018655374830636083
M4_1_baseline,0.04,26,26,2097.7150192466024,500,1.0,62.8926375576528,6.368348272617754,0.02,0.008,0.034,0.918,1.0,0.96,0.29411764705882354,0.010416666666666666,0.9895833333333334,0.0,0.0,0.0,0.0036056147310854635
M4_1_baseline,0.04,27,27,2121.845464178874,500,1.0,20.820042833994904,4.958092455210181,0.008,0.008,0.026,0.926,1.0,0.96,0.23076923076923078,0.00625,0.99375,0.0,0.0,0.0,0.016374427055018088
M4_1_baseline,0.04,28,28,2128.45351095952,500,1.0,37.755141421106266,7.126592509964635,0.002,0.008,0.032,0.934,1.0,0.974,0.3125,0.01026694045174538,0.9897330595482546,0.0,0.0,0.0,0.008718473104334183
M4_1_baseline,0.04,29,29,2075.9495488533435,500,1.0,45.09168239567736,6.235497663262544,0.056,0.008,0.026,0.908,1.0,0.942,0.46153846153846156,0.012738853503184714,0.9872611464968153,0.0,0.0,0.0,0.012182021420529543
M4_1_repl0,0.04,0,0,1559.9946388553187,500,0.0,53.7258018729548,4.801357408460754,0.064,0.008,0.018,0.714,1.0,0.74,0.2222222222222222,0.005405405405405406,0.9945945945945946,0.0,0.0,0.0,0.000735998286282384
M4_1_repl0,0.04,1,1,2050.652632190098,500,1.0,44.35655263271918,5.701017115407511,0.0,0.014,0.034,0.922,1.0,0.97,0.23529411764705882,0.008247422680412371,0.9917525773195877,0.0,0.0,0.0,0.008666896207844811
M4_1_repl0,0.04,2,2,2083.1763220275566,500,1.0,49.29921163950655,5.186796976291059,0.002,0.006,0.036,0.934,1.0,0.976,0.2777777777777778,0.010245901639344262,0.9897540983606558,0.0,0.0,0.0,0.01111555814180454
M4_1_repl0,0.04,3,3,2054.59329207222,500,1.0,41.86911469771371,5.628490538496017,0.0,0.006,0.04,0.92,1.0,0.966,0.45,0.018633540372670808,0.9813664596273292,0.0,0.0,0.0,0.015754119188000633
M4_1_repl0,0.04,4,4,2114.4167736292807,500,1.0,44.51067950071198,4.374927166580944,0.0,0.008,0.022,0.95,1.0,0.98,0.18181818181818182,0.004081632653061225,0.9959183673469387,0.0,0.0,0.0,0.01359581235934881
M4_1_repl0,0.04,5,5,803.744081981848,500,0.0,18.36507209865137,2.8737488777131976,0.162,0.006,0.022,0.406,1.0,0.434,0.2727272727272727,0.013824884792626729,0.9861751152073732,0.0,0.0,0.0,0.015623414478242881
M4_1_repl0,0.04,6,6,0.7770088357375737,500,0.0,0.0,0.0,0.002,0.0,0.0,0.0,0.0,0.0,0.0,0.0,1.0,0.0,0.0,0.0,0.21946350866291917
M4_1_repl0,0.04,7,7,2110.5900418199044,500,1.0,72.59878677070218,4.613581855876566,0.002,0.01,0.024,0.948,1.0,0.982,0.16666666666666666,0.004073319755600814,0.9959266802443992,0.0,0.0,0.0,0.008991023803431308
M4_1_repl0,0.04,8,8,2095.8648135108356,500,1.0,39.85309082867014,8.977360062780427,0.002,0.008,0.022,0.944,1.0,0.974,0.2727272727272727,0.006160164271047228,0.9938398357289527,0.0,0.0,0.0,0.0033759288211400126
M4_1_repl0,0.04,9,9,310.91836751159997,500,0.0,57.881842882038924,5.332251671247772,0.004,0.038,0.072,0.178,1.0,0.288,0.6944444444444444,0.1736111111111111,0.8263888888888888,0.0,0.0,0.0,0.017663338714087547
M4_1_repl0,0.04,10,10,2115.2819278617612,500,1.0,56.77547842465667,5.852278410383836,0.058,0.008,0.034,0.93,1.0,0.972,0.5294117647058824,0.018518518518518517,0.9814814814814815,0.0,0.0,0.0,0.0030315560512077905
M4_1_repl0,0.04,11,11,2090.8380070788594,500,1.0,62.360645891473816,5.573635648437064,0.002,0.012,0.028,0.938,1.0,0.978,0.14285714285714285,0.00408997955010225,0.9959100204498977,0.0,0.0,0.0,0.0026186570470790667
M4_1_repl0,0.04,12,12,133.82100486855143,500,0.0,28.53505581079044,1.2870757589852697,0.124,0.11,0.036,0.054,1.0,0.2,0.6666666666666666,0.12,0.88,0.0,0.0,0.0,0.025542241314090684
M4_1_repl0,0.04,13,13,2146.44338729039,500,1.0,65.82570295575282,5.597611682720309,0.008,0.006,0.024,0.954,1.0,0.984,0.4166666666666667,0.01016260162601626,0.9898373983739838,0.0,0.0,0.0,0.005814045081298587
M4_1_repl0,0.04,14,14,53.13298108988916,500,0.0,87.34154706933317,3.5101783068672328,0.042,0.182,0.06,0.032,0.0,0.274,0.36666666666666664,0.08029197080291971,0.9197080291970803,0.0,0.0,0.0,0.01611743378211032
M4_1_repl0,0.04,15,15,2106.356054884766,500,1.0,14.64910098766852,5.153560660792411,0.002,0.014,0.022,0.94,1.0,0.976,0.09090909090909091,0.0020491803278688526,0.9979508196721312,0.0,0.0,0.0,0.00781369261674914
M4_1_repl0,0.04,16,16,2101.958226091143,500,1.0,21.748237272952277,6.2134846356058695,0.0,0.006,0.032,0.942,1.0,0.98,0.3125,0.01020408163265306,0.9897959183673469,0.0,0.0,0.0,0.004167769218823032
M4_1_repl0,0.04,17,17,2041.0655221110926,500,1.0,37.99245967181852,11.870243033584439,0.046,0.006,0.04,0.916,1.0,0.962,0.45,0.018711018711018712,0.9812889812889813,0.0,0.0,0.0,0.010330112677723161
M4_1_repl0,0.04,18,18,2093.384454602177,500,1.0,62.70426648567408,7.914094496159784,0.004,0.01,0.036,0.942,1.0,0.988,0.3333333333333333,0.012145748987854251,0.9878542510121457,0.0,0.0,0.0,0.011492859000722286
M4_1_repl0,0.04,19,19,2122.209596427416,500,1.0,52.73476200428146,5.859405225647086,0.004,0.006,0.03,0.944,1.0,0.98,0.2,0.006122448979591836,0.9938775510204082,0.0,0.0,0.0,0.010049121885361936
M4_1_repl0,0.04,20,20,2.631393197813978,500,0.0,0.0,0.0,0.018,0.028,0.0,0.0,0.0,0.028,0.0,0.0,1.0,0.0,0.0,0.0,0.09479112819474436
M4_1_repl0,0.04,21,21,0.7495495211164263,500,0.0,0.0,0.0,0.002,0.0,0.0,0.0,0.0,0.0,0.0,0.0,1.0,0.0,0.0,0.0,0.22392427328805475
M4_1_repl0,0.04,22,22,1.5382504680256077,500,0.0,0.0,0.0,0.012,0.0,0.0,0.0,0.0,0.0,0.0,0.0,1.0,0.0,0.0,0.0,0.1630495537932111
M4_1_repl0,0.04,23,23,1433.4437035275878,500,0.0,37.35143587018928,5.164488621316917,0.078,0.008,0.028,0.632,1.0,0.668,0.5,0.020958083832335328,0.9790419161676647,0.0,0.0,0.0,0.008845818529646273
M4_1_repl0,0.04,24,24,1632.1809777325855,500,0.0,92.17082965130261,15.186106183720439,0.166,0.028,0.086,0.754,1.0,0.868,0.27906976744186046,0.027649769585253458,0.9723502304147466,0.0,0.0,0.0,0.012677830961399773
M4_1_repl0,0.04,25,25,2053.914175008956,500,1.0,33.20630550900981,6.750775789121578,0.002,0.018,0.052,0.914,1.0,0.984,0.4230769230769231,0.022357723577235773,0.9776422764227642,0.0,0.0,0.0,0.0019142807791686645
M4_1_repl0,0.04,26,26,2122.4017984999673,500,1.0,38.40493029167371,5.159653933163721,0.0,0.01,0.024,0.95,1.0,0.984,0.4166666666666667,0.01016260162601626,0.9898373983739838,0.0,0.0,0.0,0.00948213518114602
M4_1_repl0,0.04,27,27,1712.3466843833269,500,0.0,31.883405587108097,10.054424433214374,0.056,0.008,0.044,0.76,1.0,0.812,0.22727272727272727,0.012315270935960592,0.9876847290640394,0.0,0.0,0.0,0.01012996562063617
M4_1_repl0,0.04,28,28,2151.0287216985566,500,1.0,36.70025471292629,5.416683947799154,0.04,0.006,0.032,0.944,1.0,0.982,0.25,0.008146639511201629,0.9918533604887984,0.0,0.0,0.0,0.004438814724281451
M4_1_repl0,0.04,29,29,2100.4136698184107,500,1.0,32.210143791011156,7.0674661493249324,0.0,0.006,0.024,0.936,1.0,0.966,0.5,0.012422360248447204,0.9875776397515528,0.0,0.0,0.0,0.019639492936414506
SACV_2M,0.06,0,0,2179.535796512692,500,1.0,37.68728867957172,6.5425676249892994,0.17,0.008,0.028,0.946,1.0,0.982,0.42857142857142855,0.012219959266802444,0.9877800407331976,0.0,0.0,0.0,0.004731688569157108
SACV_2M,0.06,1,1,2136.021224204055,500,1.0,48.450256891207864,5.199306263551318,0.006,0.012,0.02,0.956,1.0,0.988,0.2,0.004048582995951417,0.9959514170040485,0.0,0.0,0.0,0.004818490903632036
SACV_2M,0.06,2,2,2126.470778402445,500,1.0,15.744692900636126,5.2793543719617695,0.002,0.008,0.026,0.952,1.0,0.986,0.38461538461538464,0.010141987829614604,0.9898580121703854,0.0,0.0,0.0,0.009270360318012594
SACV_2M,0.06,3,3,19.87217565849879,500,0.0,43.65826018048217,0.42991459918305,0.01,0.122,0.048,0.0,0.0,0.17,0.4583333333333333,0.12941176470588237,0.8705882352941177,0.0,0.0,0.0,0.03599601732280598
SACV_2M,0.06,4,4,737.1878752289301,500,0.0,46.48477823039133,3.3710257958485514,0.118,0.008,0.064,0.368,1.0,0.44,0.125,0.01818181818181818,0.9818181818181818,0.0,0.0,0.0,0.016615081572266932
SACV_2M,0.06,5,5,67.35119428677073,500,0.0,22.864828486158817,0.5266769676346365,0.016,0.008,0.024,0.028,0.0,0.06,0.5,0.2,0.8,0.0,0.0,0.0,0.017936240117369863
SACV_2M,0.06,6,6,2107.2832820926556,500,1.0,91.37345313262885,6.874606277325033,0.024,0.01,0.028,0.95,1.0,0.988,0.07142857142857142,0.0020242914979757085,0.9979757085020243,0.0,0.0,0.0,0.007200816951436448
SACV_2M,0.06,7,7,2095.805309577201,500,1.0,57.65530342723,5.217042926563622,0.004,0.018,0.04,0.932,1.0,0.99,0.25,0.010101010101010102,0.98989898989899,0.0,0.0,0.0,0.012078431239152336
SACV_2M,0.06,8,8,2102.6747475334705,500,1.0,50.74175617300272,4.904005964997711,0.006,0.008,0.022,0.944,1.0,0.974,0.2727272727272727,0.006160164271047228,0.9938398357289527,0.0,0.0,0.0,0.013808763739660957
SACV_2M,0.06,9,9,2131.128416912573,500,1.0,35.73777956473272,5.389618652455615,0.006,0.012,0.022,0.954,1.0,0.988,0.2727272727272727,0.006072874493927126,0.9939271255060729,0.0,0.0,0.0,0.007795666032334703
SACV_2M,0.06,10,10,2111.930535182775,500,1.0,26.71058711706117,6.714365685162039,0.002,0.008,0.024,0.938,1.0,0.97,0.5833333333333334,0.01443298969072165,0.9855670103092784,0.0,0.0,0.0,0.0017283540410162684
SACV_2M,0.06,11,11,2116.081560700587,500,1.0,54.41809118158908,8.297011231003493,0.004,0.01,0.022,0.95,1.0,0.982,0.45454545454545453,0.010183299389002037,0.9898167006109979,0.0,0.0,0.0,0.003160616222419028
SACV_2M,0.06,12,12,2187.994780256445,500,1.0,29.829197458824286,6.624955623508945,0.062,0.014,0.02,0.958,1.0,0.992,0.8,0.016129032258064516,0.9838709677419355,0.0,0.0,0.0,0.0032566292190418927
SACV_2M,0.06,13,13,2136.9169583693206,500,1.0,44.65558783608636,5.738571844913157,0.006,0.006,0.026,0.95,1.0,0.982,0.38461538461538464,0.010183299389002037,0.9898167006109979,0.0,0.0,0.0,0.004235493506927392
SACV_2M,0.06,14,14,2209.924386574254,500,1.0,62.88402830735503,5.987030358440547,0.184,0.006,0.024,0.958,1.0,0.988,0.25,0.006072874493927126,0.9939271255060729,0.0,0.0,0.0,0.0027983527436342497
SACV_2M,0.06,15,15,2131.5190217302857,500,1.0,51.10412634606489,5.150300330583363,0.008,0.012,0.02,0.954,1.0,0.986,0.1,0.002028397565922921,0.9979716024340771,0.0,0.0,0.0,0.009431670194652816
SACV_2M,0.06,16,16,2219.5217115287232,500,1.0,66.42272123461217,5.062691399679044,0.008,0.014,0.024,0.924,1.0,0.962,0.6666666666666666,0.016632016632016633,0.9833679833679834,0.0,0.0,0.0,0.011537801432454241
SACV_2M,0.06,17,17,165.29185981963374,500,0.0,61.5902627446292,3.036032742759102,0.052,0.074,0.096,0.072,1.0,0.242,0.375,0.1487603305785124,0.8512396694214877,0.0,0.0,0.0,0.024117702388897367
SACV_2M,0.06,18,18,2232.5763707626866,500,1.0,47.316401462679906,9.030354848270797,0.138,0.006,0.02,0.962,1.0,0.988,0.2,0.004048582995951417,0.9959514170040485,0.0,0.0,0.0,0.012353837679868708
SACV_2M,0.06,19,19,159.06748309338556,500,0.0,58.961317208587154,6.768721188936216,0.032,0.008,0.238,0.058,1.0,0.304,0.6638655462184874,0.5197368421052632,0.48026315789473684,0.0,0.0,0.0,0.026166053143014876
SACV_2M,0.06,20,20,46.03764664459687,500,0.0,118.57959186183456,5.59501897385319,0.086,0.026,0.226,0.012,0.0,0.264,0.36283185840707965,0.3106060606060606,0.6893939393939394,0.0,0.0,0.0,0.025602850570946047
SACV_2M,0.06,21,21,39.941040039238565,500,0.0,83.49011392903411,7.822260075705367,0.064,0.08,0.282,0.0,0.0,0.362,0.4397163120567376,0.3425414364640884,0.6574585635359116,0.0,0.0,0.0,0.029269457577174283
SACV_2M,0.06,22,22,2171.5884583136663,500,1.0,85.69848365164955,7.555819511393252,0.018,0.004,0.024,0.956,1.0,0.984,0.08333333333333333,0.0020325203252032522,0.9979674796747967,0.0,0.0,0.0,0.00708723286352606
SACV_2M,0.06,23,23,1530.4983478848824,500,0.0,30.48022312560088,8.611322459675723,0.116,0.01,0.018,0.668,1.0,0.696,0.4444444444444444,0.011494252873563218,0.9885057471264368,0.0,0.0,0.0,0.007230131559804876
SACV_2M,0.06,24,24,124.3447057961772,500,0.0,65.56243857935968,1.0938806901217828,0.116,0.004,0.024,0.06,1.0,0.088,0.16666666666666666,0.045454545454545456,0.9545454545454546,0.0,0.0,0.0,0.030975693107483736
SACV_2M,0.06,25,25,2162.0860998845333,500,1.0,46.71367971094547,7.916810399634347,0.15,0.008,0.022,0.944,1.0,0.974,0.09090909090909091,0.002053388090349076,0.997946611909651,0.0,0.0,0.0,0.01553300700450965
SACV_2M,0.06,26,26,1612.1713944514554,500,0.0,93.85992707522709,8.395491832969139,0.06,0.046,0.114,0.714,1.0,0.874,0.2982456140350877,0.038901601830663615,0.9610983981693364,0.0,0.0,0.0,0.01878475965421327
SACV_2M,0.06,27,27,2145.970990391471,500,1.0,32.327463970075975,5.35213355046057,0.002,0.008,0.028,0.954,1.0,0.99,0.2857142857142857,0.00808080808080808,0.9919191919191919,0.0,0.0,0.0,0.004050549454456225
SACV_2M,0.06,28,28,172.55255361990694,500,0.0,46.439990981283444,1.8035071938848,0.008,0.804,0.078,0.06,1.0,0.942,0.2564102564102564,0.021231422505307854,0.9787685774946921,0.0,0.0,0.0,0.026097467074082958
SACV_2M,0.06,29,29,2094.139242769238,500,1.0,25.783717198554946,6.341944401046379,0.0,0.008,0.024,0.93,1.0,0.962,0.5833333333333334,0.014553014553014554,0.9854469854469854,0.0,0.0,0.0,0.004309027441313669
M4_1_baseline,0.06,0,0,53.87102907907031,500,0.0,0.0,0.0,0.012,0.95,0.0,0.0,0.0,0.95,0.0,0.0,1.0,0.0,0.0,0.0,0.08108808461488459
M4_1_baseline,0.06,1,1,603.7438930080782,500,0.0,54.56109648898105,3.801371384706213,0.022,0.192,0.026,0.264,1.0,0.482,0.38461538461538464,0.02074688796680498,0.979253112033195,0.0,0.0,0.0,0.021252925493546158
M4_1_baseline,0.06,2,2,2128.8378398368313,500,1.0,34.19715842174425,5.3021138122505,0.002,0.008,0.028,0.94,1.0,0.976,0.7857142857142857,0.022540983606557378,0.9774590163934426,0.0,0.0,0.0,0.01189418033312237
M4_1_baseline,0.06,3,3,1.0730376596385827,500,0.0,0.0,0.0,0.014,0.006,0.0,0.0,0.0,0.006,0.0,0.0,1.0,0.0,0.0,0.0,0.1132301180701781
M4_1_baseline,0.06,4,4,6.39533026270516,500,0.0,0.0,0.0,0.0,0.02,0.0,0.0,0.0,0.02,0.0,0.0,1.0,0.0,0.0,0.0,0.10391062322346653
M4_1_baseline,0.06,5,5,2211.6323678215435,500,1.0,64.3622640023709,5.375785294640792,0.01,0.016,0.02,0.93,1.0,0.966,0.2,0.004140786749482402,0.9958592132505176,0.0,0.0,0.0,0.004272811297201494
M4_1_baseline,0.06,6,6,52.78720590212533,500,0.0,81.96993376981216,1.3974980398354762,0.026,0.414,0.204,0.0,0.0,0.618,0.058823529411764705,0.019417475728155338,0.9805825242718447,0.0,0.0,0.0,0.04014955849532329
M4_1_baseline,0.06,7,7,17.3169691401194,500,0.0,57.56572667269125,0.8316445488549372,0.004,0.062,0.042,0.004,0.0,0.108,0.2857142857142857,0.1111111111111111,0.8888888888888888,0.0,0.0,0.0,0.011225935767771263
M4_1_baseline,0.06,8,8,2061.01934487506,500,1.0,61.450331232677144,8.592730672377177,0.044,0.006,0.042,0.916,1.0,0.964,0.38095238095238093,0.016597510373443983,0.983402489626556,0.0,0.0,0.0,0.020353708485956308
M4_1_baseline,0.06,9,9,-9869.29599312766,500,0.0,68.19121318950259,3.988465123158561,0.062,0.01,0.02,0.456,1.0,0.486,0.1,0.00411522633744856,0.9958847736625515,0.0,0.0,0.0,0.020302604447218958
M4_1_baseline,0.06,10,10,1.6742960147569526,500,0.0,0.0,0.0,0.006,0.0,0.0,0.0,0.0,0.0,0.0,0.0,1.0,0.0,0.0,0.0,0.21911263783157947
M4_1_baseline,0.06,11,11,29.328035475427065,500,0.0,53.44036097685397,0.7791634022288201,0.024,0.018,0.194,0.0,0.0,0.212,0.14432989690721648,0.1320754716981132,0.8679245283018868,0.0,0.0,0.0,0.018885465747765368
M4_1_baseline,0.06,12,12,22.141341300685497,500,0.0,57.472828156845125,0.5964222623037168,0.008,0.03,0.028,0.0,0.0,0.058,0.2857142857142857,0.13793103448275862,0.8620689655172413,0.0,0.0,0.0,0.03195033321681852
M4_1_baseline,0.06,13,13,1902.1979008531007,500,1.0,55.81769274168666,5.78428656939561,0.002,0.006,0.036,0.836,1.0,0.878,0.3888888888888889,0.015945330296127564,0.9840546697038725,0.0,0.0,0.0,0.010782753400398828
M4_1_baseline,0.06,14,14,2151.3871099599205,500,1.0,33.26658143290202,13.140129985717564,0.006,0.006,0.03,0.94,1.0,0.976,0.8,0.02459016393442623,0.9754098360655737,0.0,0.0,0.0,0.009994299316439813
M4_1_baseline,0.06,15,15,1333.7952006723272,500,0.0,78.60657818623045,6.035838868488602,0.036,0.01,0.02,0.736,1.0,0.766,0.1,0.0026109660574412533,0.9973890339425587,0.0,0.0,0.0,0.0036473788256082126
M4_1_baseline,0.06,16,16,1.1861542197253963,500,0.0,0.0,0.0,0.014,0.0,0.0,0.0,0.0,0.0,0.0,0.0,1.0,0.0,0.0,0.0,0.14650051757213123
M4_1_baseline,0.06,17,17,149.7606254134538,500,0.0,80.26591422885643,4.598724837297468,0.026,0.028,0.194,0.054,1.0,0.276,0.5051546391752577,0.35507246376811596,0.644927536231884,0.0,0.0,0.0,0.009490056640053469
M4_1_baseline,0.06,18,18,1467.6806830814594,500,0.0,86.85882494676086,6.738299309507825,0.028,0.01,0.018,0.664,1.0,0.692,0.4444444444444444,0.011560693641618497,0.9884393063583815,0.0,0.0,0.0,0.014324265138377233
M4_1_baseline,0.06,19,19,2124.737096056079,500,1.0,30.227327849971676,11.04131868585996,0.002,0.01,0.03,0.922,1.0,0.962,0.3333333333333333,0.010395010395010396,0.9896049896049897,0.0,0.0,0.0,0.016742835269522974
M4_1_baseline,0.06,20,20,50.34792221981915,500,0.0,0.0,0.0,0.008,0.962,0.0,0.0,0.0,0.962,0.0,0.0,1.0,0.0,0.0,0.0,0.09115215293869612
M4_1_baseline,0.06,21,21,4.551037863232999,500,0.0,0.0,0.0,0.0,0.016,0.0,0.0,0.0,0.016,0.0,0.0,1.0,0.0,0.0,0.0,0.10699781566803034
M4_1_baseline,0.06,22,22,36.721976801687696,500,0.0,0.0,0.0,0.006,0.936,0.0,0.0,0.0,0.936,0.0,0.0,1.0,0.0,0.0,0.0,0.1120276089319063
M4_1_baseline,0.06,23,23,58.11664153902471,500,0.0,0.0,0.0,0.008,0.95,0.0,0.0,0.0,0.95,0.0,0.0,1.0,0.0,0.0,0.0,0.08897283525139117
M4_1_baseline,0.06,24,24,2107.3025223699524,500,1.0,39.54278983785823,4.678796023007547,0.008,0.008,0.028,0.9,1.0,0.936,0.2857142857142857,0.008547008547008548,0.9914529914529915,0.0,0.0,0.0,0.008310247225453848
M4_1_baseline,0.06,25,25,46.22330582355181,500,0.0,62.31105440541854,6.853672548737889,0.096,0.062,0.232,0.008,0.0,0.302,0.22413793103448276,0.17218543046357615,0.8278145695364238,0.0,0.0,0.0,0.023818742190304335
M4_1_baseline,0.06,26,26,2063.4723541319404,500,1.0,38.908897362958854,5.322309809263568,0.008,0.012,0.03,0.894,1.0,0.936,0.4,0.01282051282051282,0.9871794871794872,0.0,0.0,0.0,0.007025157538697115
M4_1_baseline,0.06,27,27,2106.7470196747486,500,1.0,30.25207554085795,5.440545056626561,0.002,0.01,0.036,0.926,1.0,0.972,0.5555555555555556,0.0205761316872428,0.9794238683127572,0.0,0.0,0.0,0.01034591549697598
M4_1_baseline,0.06,28,28,2087.3774706327476,500,1.0,44.750572591433546,7.715168499613026,0.004,0.008,0.024,0.93,1.0,0.962,0.3333333333333333,0.008316008316008316,0.9916839916839917,0.0,0.0,0.0,0.016240074979141945
M4_1_baseline,0.06,29,29,248.22318124685532,500,0.0,44.460438199460164,1.6318454329277194,0.018,0.014,0.034,0.108,1.0,0.156,0.35294117647058826,0.07692307692307693,0.9230769230769231,0.0,0.0,0.0,0.02247200512424488
M4_1_repl0,0.06,0,0,33.936633243941635,500,0.0,43.047290764498385,0.2751961647613764,0.052,0.018,0.032,0.012,0.0,0.062,0.4375,0.22580645161290322,0.7741935483870968,0.0,0.0,0.0,0.019428541268622042
M4_1_repl0,0.06,1,1,54.69363697515296,500,0.0,0.0,0.0,0.004,0.962,0.0,0.0,0.0,0.962,0.0,0.0,1.0,0.0,0.0,0.0,0.09015166782279829
M4_1_repl0,0.06,2,2,2092.3763747115117,500,1.0,44.61972405952674,6.415386699931121,0.002,0.008,0.036,0.938,1.0,0.982,0.3333333333333333,0.012219959266802444,0.9877800407331976,0.0,0.0,0.0,0.002022333940566384
M4_1_repl0,0.06,3,3,1725.5092377734984,500,1.0,60.11710169083801,9.230496442978914,0.004,0.008,0.074,0.864,1.0,0.946,0.2702702702702703,0.021141649048625793,0.9788583509513742,0.0,0.0,0.0,0.0018424821498115899
M4_1_repl0,0.06,4,4,1.4258395711261658,500,0.0,0.0,0.0,0.048,0.0,0.0,0.0,0.0,0.0,0.0,0.0,1.0,0.0,0.0,0.0,0.18697309152709823
M4_1_repl0,0.06,5,5,62.98253740124874,500,0.0,0.0,0.0,0.0,0.91,0.016,0.0,0.0,0.926,0.0,0.0,1.0,0.0,0.0,0.0,0.06643368715080712
M4_1_repl0,0.06,6,6,1.338576324190386,500,0.0,0.0,0.0,0.004,0.0,0.0,0.0,0.0,0.0,0.0,0.0,1.0,0.0,0.0,0.0,0.20563895817676478
M4_1_repl0,0.06,7,7,4.857537781726503,500,0.0,0.0,0.0,0.004,0.0,0.0,0.0,0.0,0.0,0.0,0.0,1.0,0.0,0.0,0.0,0.1549058125703376
M4_1_repl0,0.06,8,8,2053.7326498731554,500,1.0,45.62046299991406,6.369719813570879,0.0,0.01,0.028,0.93,1.0,0.968,0.5,0.014462809917355372,0.9855371900826446,0.0,0.0,0.0,0.0058376222858358565
M4_1_repl0,0.06,9,9,52.836913632317426,500,0.0,0.0,0.0,0.004,0.96,0.0,0.0,0.0,0.96,0.0,0.0,1.0,0.0,0.0,0.0,0.09443159769010594
M4_1_repl0,0.06,10,10,1729.335513690311,500,1.0,58.76928525140637,9.021565350516148,0.014,0.008,0.17,0.78,1.0,0.958,0.6470588235294118,0.11482254697286012,0.8851774530271399,0.0,0.0,0.0,0.00735872324338381
M4_1_repl0,0.06,11,11,2078.7140116589885,500,1.0,53.00638001238889,5.484971743739723,0.002,0.01,0.028,0.932,1.0,0.97,0.2857142857142857,0.008247422680412371,0.9917525773195877,0.0,0.0,0.0,0.008539447457773535
M4_1_repl0,0.06,12,12,21.97703049075977,500,0.0,77.12299647735476,0.981814348348561,0.06,0.026,0.062,0.008,0.0,0.096,0.5161290322580645,0.3333333333333333,0.6666666666666667,0.0,0.0,0.0,0.01827650362220084
M4_1_repl0,0.06,13,13,2145.6779905931453,500,1.0,36.22994597868056,7.75734425695514,0.032,0.008,0.032,0.948,1.0,0.988,0.625,0.020242914979757085,0.979757085020243,0.0,0.0,0.0,0.004770231849887133
M4_1_repl0,0.06,14,14,805.7732781122762,500,0.0,44.61858630303753,2.8631357758159597,0.11,0.01,0.03,0.346,1.0,0.386,0.4666666666666667,0.03626943005181347,0.9637305699481865,0.0,0.0,0.0,0.009205604947806485
M4_1_repl0,0.06,15,15,2036.1385545894807,500,1.0,27.79933720286921,5.178834687571835,0.004,0.014,0.03,0.91,1.0,0.954,0.13333333333333333,0.0041928721174004195,0.9958071278825996,0.0,0.0,0.0,0.012768120263206067
M4_1_repl0,0.06,16,16,1507.3623171236657,500,0.0,65.40342623071261,7.282596385603382,0.06,0.004,0.036,0.724,1.0,0.764,0.6111111111111112,0.028795811518324606,0.9712041884816754,0.0,0.0,0.0,0.008192465036542126
M4_1_repl0,0.06,17,17,55.589986468418026,500,0.0,100.9143350450752,4.459934160157442,0.128,0.01,0.27,0.012,0.0,0.292,0.5777777777777777,0.5342465753424658,0.4657534246575342,0.0,0.0,0.0,0.014160133976354468
M4_1_repl0,0.06,18,18,164.12075734884468,500,0.0,79.75486275478676,27.12406631269086,0.04,0.008,0.966,0.014,0.0,0.988,0.7867494824016563,0.7692307692307693,0.23076923076923073,0.0,0.0,0.0,0.025827855297375364
M4_1_repl0,0.06,19,19,2094.0481677581356,500,1.0,21.44355382048544,11.883882377859988,0.0,0.008,0.03,0.938,1.0,0.976,0.26666666666666666,0.00819672131147541,0.9918032786885246,0.0,0.0,0.0,0.011764320795030087
M4_1_repl0,0.06,20,20,29.759500479825117,500,0.0,32.6665263780053,0.9674415141847432,0.008,0.04,0.084,0.014,0.0,0.138,0.38095238095238093,0.2318840579710145,0.7681159420289855,0.0,0.0,0.0,0.02684886112457367
M4_1_repl0,0.06,21,21,0.47777587012125233,500,0.0,0.0,0.0,0.004,0.0,0.0,0.0,0.0,0.0,0.0,0.0,1.0,0.0,0.0,0.0,0.23774395453802472
M4_1_repl0,0.06,22,22,2109.508073628126,500,1.0,36.44331903223888,9.101285415147647,0.022,0.026,0.018,0.942,1.0,0.986,0.4444444444444444,0.008113590263691683,0.9918864097363083,0.0,0.0,0.0,0.0049694155440031
M4_1_repl0,0.06,23,23,152.220413436555,500,0.0,93.7467630235846,2.38220010709703,0.056,0.014,0.022,0.108,1.0,0.144,0.09090909090909091,0.013888888888888888,0.9861111111111112,0.0,0.0,0.0,0.02088752398905156
M4_1_repl0,0.06,24,24,1160.4935333617038,500,0.0,89.96418812756781,12.496452575632766,0.072,0.024,0.192,0.524,1.0,0.74,0.2708333333333333,0.07027027027027027,0.9297297297297298,0.0,0.0,0.0,0.007381068247200525
M4_1_repl0,0.06,25,25,2032.6232723548162,500,1.0,30.243314995031003,5.899404138474579,0.0,0.008,0.042,0.912,1.0,0.962,0.42857142857142855,0.018711018711018712,0.9812889812889813,0.0,0.0,0.0,0.01071766885808997
M4_1_repl0,0.06,26,26,29.365077491614386,500,0.0,0.0,0.0,0.002,0.0,0.0,0.0,0.0,0.0,0.0,0.0,1.0,0.0,0.0,0.0,0.12838928347062714
M4_1_repl0,0.06,27,27,2152.5553060302113,500,1.0,81.26470737426098,7.212820768589017,0.008,0.01,0.024,0.956,1.0,0.99,0.3333333333333333,0.00808080808080808,0.9919191919191919,0.0,0.0,0.0,0.007142879792558272
M4_1_repl0,0.06,28,28,2112.5650698132226,500,1.0,11.668554821246534,6.804063036687204,0.002,0.006,0.028,0.944,1.0,0.978,0.07142857142857142,0.002044989775051125,0.9979550102249489,0.0,0.0,0.0,0.010099107304092204
M4_1_repl0,0.06,29,29,165.7250412844423,500,0.0,64.209626114032,6.885381520067542,0.0,0.008,0.948,0.0,0.0,0.956,0.4388185654008439,0.4351464435146444,0.5648535564853556,0.0,0.0,0.0,0.0081455887381653
